feature,mean_abs_shap,mean_signed_shap,rank
Video_Swin_Fused_286,0.32095543,0.21317448,2
Video_Swin_Fused_371,0.26789197,0.11803511,4
Video_Swin_Fused_247,0.21794067,-0.03521745,6
Video_Swin_Fused_343,0.17967947,0.08889193,7
Video_Swin_Fused_245,0.12521297,-0.0064205304,11
Video_Swin_Fused_226,0.10818358,-0.037559964,12
Video_Swin_Fused_051,0.09412196,0.015693627,13
Video_Swin_Fused_114,0.078233175,0.04749149,15
Video_Swin_Fused_251,0.066699155,0.05130067,17
Video_Swin_Fused_149,0.05741109,0.051191382,19
Video_Swin_Fused_211,0.056314938,0.056314938,20
Video_Swin_Fused_122,0.0,0.0,390
Video_Swin_Fused_123,0.0,0.0,391
Video_Swin_Fused_124,0.0,0.0,392
Video_Swin_Fused_125,0.0,0.0,393
Video_Swin_Fused_126,0.0,0.0,394
Video_Swin_Fused_127,0.0,0.0,395
Video_Swin_Fused_128,0.0,0.0,396
Video_Swin_Fused_129,0.0,0.0,397
Video_Swin_Fused_130,0.0,0.0,398
Video_Swin_Fused_131,0.0,0.0,399
Video_Swin_Fused_384,0.0,0.0,400
Video_Swin_Fused_133,0.0,0.0,401
Video_Swin_Fused_134,0.0,0.0,402
Video_Swin_Fused_135,0.0,0.0,403
Video_Swin_Fused_136,0.0,0.0,404
Video_Swin_Fused_137,0.0,0.0,405
Video_Swin_Fused_138,0.0,0.0,406
Video_Swin_Fused_139,0.0,0.0,407
Video_Swin_Fused_140,0.0,0.0,408
Video_Swin_Fused_141,0.0,0.0,409
Video_Swin_Fused_142,0.0,0.0,410
Video_Swin_Fused_143,0.0,0.0,411
Video_Swin_Fused_132,0.0,0.0,412
Video_Swin_Fused_097,0.0,0.0,413
Video_Swin_Fused_098,0.0,0.0,414
Video_Swin_Fused_099,0.0,0.0,415
Video_Swin_Fused_100,0.0,0.0,416
Video_Swin_Fused_101,0.0,0.0,417
Video_Swin_Fused_102,0.0,0.0,418
Video_Swin_Fused_103,0.0,0.0,419
Video_Swin_Fused_104,0.0,0.0,420
Video_Swin_Fused_105,0.0,0.0,421
Video_Swin_Fused_106,0.0,0.0,422
Video_Swin_Fused_107,0.0,0.0,423
Video_Swin_Fused_121,0.0,0.0,424
Video_Swin_Fused_109,0.0,0.0,425
Video_Swin_Fused_110,0.0,0.0,426
Video_Swin_Fused_111,0.0,0.0,427
Video_Swin_Fused_112,0.0,0.0,428
Video_Swin_Fused_113,0.0,0.0,429
Video_Swin_Fused_115,0.0,0.0,430
Video_Swin_Fused_116,0.0,0.0,431
Video_Swin_Fused_117,0.0,0.0,432
Video_Swin_Fused_118,0.0,0.0,433
Video_Swin_Fused_119,0.0,0.0,434
Video_Swin_Fused_120,0.0,0.0,435
Video_Swin_Fused_108,0.0,0.0,436
Video_Swin_Fused_170,0.0,0.0,437
Video_Swin_Fused_171,0.0,0.0,438
Video_Swin_Fused_172,0.0,0.0,439
Video_Swin_Fused_173,0.0,0.0,440
Video_Swin_Fused_174,0.0,0.0,441
Video_Swin_Fused_175,0.0,0.0,442
Video_Swin_Fused_176,0.0,0.0,443
Video_Swin_Fused_177,0.0,0.0,444
Video_Swin_Fused_178,0.0,0.0,445
Video_Swin_Fused_179,0.0,0.0,446
Video_Swin_Fused_144,0.0,0.0,447
Video_Swin_Fused_181,0.0,0.0,448
Video_Swin_Fused_182,0.0,0.0,449
Video_Swin_Fused_183,0.0,0.0,450
Video_Swin_Fused_184,0.0,0.0,451
Video_Swin_Fused_185,0.0,0.0,452
Video_Swin_Fused_186,0.0,0.0,453
Video_Swin_Fused_187,0.0,0.0,454
Video_Swin_Fused_188,0.0,0.0,455
Video_Swin_Fused_189,0.0,0.0,456
Video_Swin_Fused_190,0.0,0.0,457
Video_Swin_Fused_191,0.0,0.0,458
Video_Swin_Fused_180,0.0,0.0,459
Video_Swin_Fused_145,0.0,0.0,460
Video_Swin_Fused_146,0.0,0.0,461
Video_Swin_Fused_147,0.0,0.0,462
Video_Swin_Fused_148,0.0,0.0,463
Video_Swin_Fused_150,0.0,0.0,464
Video_Swin_Fused_151,0.0,0.0,465
Video_Swin_Fused_152,0.0,0.0,466
Video_Swin_Fused_153,0.0,0.0,467
Video_Swin_Fused_154,0.0,0.0,468
Video_Swin_Fused_155,0.0,0.0,469
Video_Swin_Fused_156,0.0,0.0,470
Video_Swin_Fused_169,0.0,0.0,471
Video_Swin_Fused_158,0.0,0.0,472
Video_Swin_Fused_159,0.0,0.0,473
Video_Swin_Fused_160,0.0,0.0,474
Video_Swin_Fused_161,0.0,0.0,475
Video_Swin_Fused_162,0.0,0.0,476
Video_Swin_Fused_163,0.0,0.0,477
Video_Swin_Fused_164,0.0,0.0,478
Video_Swin_Fused_165,0.0,0.0,479
Video_Swin_Fused_166,0.0,0.0,480
Video_Swin_Fused_167,0.0,0.0,481
Video_Swin_Fused_168,0.0,0.0,482
Video_Swin_Fused_157,0.0,0.0,483
Video_Swin_Fused_025,0.0,0.0,484
Video_Swin_Fused_026,0.0,0.0,485
Video_Swin_Fused_027,0.0,0.0,486
Video_Swin_Fused_028,0.0,0.0,487
Video_Swin_Fused_029,0.0,0.0,488
Video_Swin_Fused_030,0.0,0.0,489
Video_Swin_Fused_031,0.0,0.0,490
Video_Swin_Fused_032,0.0,0.0,491
Video_Swin_Fused_033,0.0,0.0,492
Video_Swin_Fused_034,0.0,0.0,493
Video_Swin_Fused_096,0.0,0.0,494
Video_Swin_Fused_036,0.0,0.0,495
Video_Swin_Fused_037,0.0,0.0,496
Video_Swin_Fused_038,0.0,0.0,497
Video_Swin_Fused_039,0.0,0.0,498
Video_Swin_Fused_040,0.0,0.0,499
Video_Swin_Fused_041,0.0,0.0,500
Video_Swin_Fused_042,0.0,0.0,501
Video_Swin_Fused_043,0.0,0.0,502
Video_Swin_Fused_044,0.0,0.0,503
Video_Swin_Fused_045,0.0,0.0,504
Video_Swin_Fused_046,0.0,0.0,505
Video_Swin_Fused_035,0.0,0.0,506
Video_Swin_Fused_001,0.0,0.0,507
Video_Swin_Fused_002,0.0,0.0,508
Video_Swin_Fused_003,0.0,0.0,509
Video_Swin_Fused_004,0.0,0.0,510
Video_Swin_Fused_005,0.0,0.0,511
Video_Swin_Fused_006,0.0,0.0,512
Video_Swin_Fused_007,0.0,0.0,513
Video_Swin_Fused_008,0.0,0.0,514
Video_Swin_Fused_009,0.0,0.0,515
Video_Swin_Fused_010,0.0,0.0,516
Video_Swin_Fused_011,0.0,0.0,517
Video_Swin_Fused_024,0.0,0.0,518
Video_Swin_Fused_013,0.0,0.0,519
Video_Swin_Fused_014,0.0,0.0,520
Video_Swin_Fused_015,0.0,0.0,521
Video_Swin_Fused_016,0.0,0.0,522
Video_Swin_Fused_017,0.0,0.0,523
Video_Swin_Fused_018,0.0,0.0,524
Video_Swin_Fused_019,0.0,0.0,525
Video_Swin_Fused_020,0.0,0.0,526
Video_Swin_Fused_021,0.0,0.0,527
Video_Swin_Fused_022,0.0,0.0,528
Video_Swin_Fused_023,0.0,0.0,529
Video_Swin_Fused_012,0.0,0.0,530
Video_Swin_Fused_073,0.0,0.0,531
Video_Swin_Fused_074,0.0,0.0,532
Video_Swin_Fused_075,0.0,0.0,533
Video_Swin_Fused_076,0.0,0.0,534
Video_Swin_Fused_077,0.0,0.0,535
Video_Swin_Fused_078,0.0,0.0,536
Video_Swin_Fused_079,0.0,0.0,537
Video_Swin_Fused_080,0.0,0.0,538
Video_Swin_Fused_081,0.0,0.0,539
Video_Swin_Fused_082,0.0,0.0,540
Video_Swin_Fused_083,0.0,0.0,541
Video_Swin_Fused_047,0.0,0.0,542
Video_Swin_Fused_085,0.0,0.0,543
Video_Swin_Fused_086,0.0,0.0,544
Video_Swin_Fused_087,0.0,0.0,545
Video_Swin_Fused_088,0.0,0.0,546
Video_Swin_Fused_089,0.0,0.0,547
Video_Swin_Fused_090,0.0,0.0,548
Video_Swin_Fused_091,0.0,0.0,549
Video_Swin_Fused_092,0.0,0.0,550
Video_Swin_Fused_093,0.0,0.0,551
Video_Swin_Fused_094,0.0,0.0,552
Video_Swin_Fused_095,0.0,0.0,553
Video_Swin_Fused_084,0.0,0.0,554
Video_Swin_Fused_048,0.0,0.0,555
Video_Swin_Fused_049,0.0,0.0,556
Video_Swin_Fused_050,0.0,0.0,557
Video_Swin_Fused_052,0.0,0.0,558
Video_Swin_Fused_053,0.0,0.0,559
Video_Swin_Fused_054,0.0,0.0,560
Video_Swin_Fused_055,0.0,0.0,561
Video_Swin_Fused_056,0.0,0.0,562
Video_Swin_Fused_057,0.0,0.0,563
Video_Swin_Fused_058,0.0,0.0,564
Video_Swin_Fused_059,0.0,0.0,565
Video_Swin_Fused_072,0.0,0.0,566
Video_Swin_Fused_061,0.0,0.0,567
Video_Swin_Fused_062,0.0,0.0,568
Video_Swin_Fused_063,0.0,0.0,569
Video_Swin_Fused_064,0.0,0.0,570
Video_Swin_Fused_065,0.0,0.0,571
Video_Swin_Fused_066,0.0,0.0,572
Video_Swin_Fused_067,0.0,0.0,573
Video_Swin_Fused_068,0.0,0.0,574
Video_Swin_Fused_069,0.0,0.0,575
Video_Swin_Fused_070,0.0,0.0,576
Video_Swin_Fused_071,0.0,0.0,577
Video_Swin_Fused_060,0.0,0.0,578
Video_Swin_Fused_318,0.0,0.0,579
Video_Swin_Fused_319,0.0,0.0,580
Video_Swin_Fused_320,0.0,0.0,581
Video_Swin_Fused_321,0.0,0.0,582
Video_Swin_Fused_322,0.0,0.0,583
Video_Swin_Fused_323,0.0,0.0,584
Video_Swin_Fused_324,0.0,0.0,585
Video_Swin_Fused_325,0.0,0.0,586
Video_Swin_Fused_326,0.0,0.0,587
Video_Swin_Fused_327,0.0,0.0,588
Video_Swin_Fused_192,0.0,0.0,589
Video_Swin_Fused_329,0.0,0.0,590
Video_Swin_Fused_330,0.0,0.0,591
Video_Swin_Fused_331,0.0,0.0,592
Video_Swin_Fused_332,0.0,0.0,593
Video_Swin_Fused_333,0.0,0.0,594
Video_Swin_Fused_334,0.0,0.0,595
Video_Swin_Fused_335,0.0,0.0,596
Video_Swin_Fused_336,0.0,0.0,597
Video_Swin_Fused_337,0.0,0.0,598
Video_Swin_Fused_338,0.0,0.0,599
Video_Swin_Fused_339,0.0,0.0,600
Video_Swin_Fused_328,0.0,0.0,601
Video_Swin_Fused_294,0.0,0.0,602
Video_Swin_Fused_295,0.0,0.0,603
Video_Swin_Fused_296,0.0,0.0,604
Video_Swin_Fused_297,0.0,0.0,605
Video_Swin_Fused_298,0.0,0.0,606
Video_Swin_Fused_299,0.0,0.0,607
Video_Swin_Fused_300,0.0,0.0,608
Video_Swin_Fused_301,0.0,0.0,609
Video_Swin_Fused_302,0.0,0.0,610
Video_Swin_Fused_303,0.0,0.0,611
Video_Swin_Fused_304,0.0,0.0,612
Video_Swin_Fused_317,0.0,0.0,613
Video_Swin_Fused_306,0.0,0.0,614
Video_Swin_Fused_307,0.0,0.0,615
Video_Swin_Fused_308,0.0,0.0,616
Video_Swin_Fused_309,0.0,0.0,617
Video_Swin_Fused_310,0.0,0.0,618
Video_Swin_Fused_311,0.0,0.0,619
Video_Swin_Fused_312,0.0,0.0,620
Video_Swin_Fused_313,0.0,0.0,621
Video_Swin_Fused_314,0.0,0.0,622
Video_Swin_Fused_315,0.0,0.0,623
Video_Swin_Fused_316,0.0,0.0,624
Video_Swin_Fused_305,0.0,0.0,625
Video_Swin_Fused_366,0.0,0.0,626
Video_Swin_Fused_367,0.0,0.0,627
Video_Swin_Fused_368,0.0,0.0,628
Video_Swin_Fused_369,0.0,0.0,629
Video_Swin_Fused_370,0.0,0.0,630
Video_Swin_Fused_372,0.0,0.0,631
Video_Swin_Fused_373,0.0,0.0,632
Video_Swin_Fused_374,0.0,0.0,633
Video_Swin_Fused_375,0.0,0.0,634
Video_Swin_Fused_376,0.0,0.0,635
Video_Swin_Fused_377,0.0,0.0,636
Video_Swin_Fused_340,0.0,0.0,637
Video_Swin_Fused_379,0.0,0.0,638
Video_Swin_Fused_380,0.0,0.0,639
Video_Swin_Fused_381,0.0,0.0,640
Video_Swin_Fused_382,0.0,0.0,641
Video_Swin_Fused_383,0.0,0.0,642
Video_Swin_Fused_378,0.0,0.0,649
Video_Swin_Fused_341,0.0,0.0,650
Video_Swin_Fused_342,0.0,0.0,651
Video_Swin_Fused_344,0.0,0.0,652
Video_Swin_Fused_345,0.0,0.0,653
Video_Swin_Fused_346,0.0,0.0,654
Video_Swin_Fused_347,0.0,0.0,655
Video_Swin_Fused_348,0.0,0.0,656
Video_Swin_Fused_349,0.0,0.0,657
Video_Swin_Fused_350,0.0,0.0,658
Video_Swin_Fused_351,0.0,0.0,659
Video_Swin_Fused_352,0.0,0.0,660
Video_Swin_Fused_365,0.0,0.0,661
Video_Swin_Fused_354,0.0,0.0,662
Video_Swin_Fused_355,0.0,0.0,663
Video_Swin_Fused_356,0.0,0.0,664
Video_Swin_Fused_357,0.0,0.0,665
Video_Swin_Fused_358,0.0,0.0,666
Video_Swin_Fused_359,0.0,0.0,667
Video_Swin_Fused_360,0.0,0.0,668
Video_Swin_Fused_361,0.0,0.0,669
Video_Swin_Fused_362,0.0,0.0,670
Video_Swin_Fused_363,0.0,0.0,671
Video_Swin_Fused_364,0.0,0.0,672
Video_Swin_Fused_353,0.0,0.0,673
Video_Swin_Fused_218,0.0,0.0,674
Video_Swin_Fused_219,0.0,0.0,675
Video_Swin_Fused_220,0.0,0.0,676
Video_Swin_Fused_221,0.0,0.0,677
Video_Swin_Fused_222,0.0,0.0,678
Video_Swin_Fused_223,0.0,0.0,679
Video_Swin_Fused_224,0.0,0.0,680
Video_Swin_Fused_225,0.0,0.0,681
Video_Swin_Fused_227,0.0,0.0,682
Video_Swin_Fused_228,0.0,0.0,683
Video_Swin_Fused_293,0.0,0.0,684
Video_Swin_Fused_230,0.0,0.0,685
Video_Swin_Fused_231,0.0,0.0,686
Video_Swin_Fused_232,0.0,0.0,687
Video_Swin_Fused_233,0.0,0.0,688
Video_Swin_Fused_234,0.0,0.0,689
Video_Swin_Fused_235,0.0,0.0,690
Video_Swin_Fused_236,0.0,0.0,691
Video_Swin_Fused_237,0.0,0.0,692
Video_Swin_Fused_238,0.0,0.0,693
Video_Swin_Fused_239,0.0,0.0,694
Video_Swin_Fused_240,0.0,0.0,695
Video_Swin_Fused_229,0.0,0.0,696
Video_Swin_Fused_193,0.0,0.0,697
Video_Swin_Fused_194,0.0,0.0,698
Video_Swin_Fused_195,0.0,0.0,699
Video_Swin_Fused_196,0.0,0.0,700
Video_Swin_Fused_197,0.0,0.0,701
Video_Swin_Fused_198,0.0,0.0,702
Video_Swin_Fused_199,0.0,0.0,703
Video_Swin_Fused_200,0.0,0.0,704
Video_Swin_Fused_201,0.0,0.0,705
Video_Swin_Fused_202,0.0,0.0,706
Video_Swin_Fused_203,0.0,0.0,707
Video_Swin_Fused_217,0.0,0.0,708
Video_Swin_Fused_205,0.0,0.0,709
Video_Swin_Fused_206,0.0,0.0,710
Video_Swin_Fused_207,0.0,0.0,711
Video_Swin_Fused_208,0.0,0.0,712
Video_Swin_Fused_209,0.0,0.0,713
Video_Swin_Fused_210,0.0,0.0,714
Video_Swin_Fused_212,0.0,0.0,715
Video_Swin_Fused_213,0.0,0.0,716
Video_Swin_Fused_214,0.0,0.0,717
Video_Swin_Fused_215,0.0,0.0,718
Video_Swin_Fused_216,0.0,0.0,719
Video_Swin_Fused_204,0.0,0.0,720
Video_Swin_Fused_269,0.0,0.0,721
Video_Swin_Fused_270,0.0,0.0,722
Video_Swin_Fused_271,0.0,0.0,723
Video_Swin_Fused_272,0.0,0.0,724
Video_Swin_Fused_273,0.0,0.0,725
Video_Swin_Fused_274,0.0,0.0,726
Video_Swin_Fused_275,0.0,0.0,727
Video_Swin_Fused_276,0.0,0.0,728
Video_Swin_Fused_277,0.0,0.0,729
Video_Swin_Fused_278,0.0,0.0,730
Video_Swin_Fused_279,0.0,0.0,731
Video_Swin_Fused_241,0.0,0.0,732
Video_Swin_Fused_281,0.0,0.0,733
Video_Swin_Fused_282,0.0,0.0,734
Video_Swin_Fused_283,0.0,0.0,735
Video_Swin_Fused_284,0.0,0.0,736
Video_Swin_Fused_285,0.0,0.0,737
Video_Swin_Fused_287,0.0,0.0,738
Video_Swin_Fused_288,0.0,0.0,739
Video_Swin_Fused_289,0.0,0.0,740
Video_Swin_Fused_290,0.0,0.0,741
Video_Swin_Fused_291,0.0,0.0,742
Video_Swin_Fused_292,0.0,0.0,743
Video_Swin_Fused_280,0.0,0.0,744
Video_Swin_Fused_242,0.0,0.0,745
Video_Swin_Fused_243,0.0,0.0,746
Video_Swin_Fused_244,0.0,0.0,747
Video_Swin_Fused_246,0.0,0.0,748
Video_Swin_Fused_248,0.0,0.0,749
Video_Swin_Fused_249,0.0,0.0,750
Video_Swin_Fused_250,0.0,0.0,751
Video_Swin_Fused_252,0.0,0.0,752
Video_Swin_Fused_253,0.0,0.0,753
Video_Swin_Fused_254,0.0,0.0,754
Video_Swin_Fused_255,0.0,0.0,755
Video_Swin_Fused_268,0.0,0.0,756
Video_Swin_Fused_257,0.0,0.0,757
Video_Swin_Fused_258,0.0,0.0,758
Video_Swin_Fused_259,0.0,0.0,759
Video_Swin_Fused_260,0.0,0.0,760
Video_Swin_Fused_261,0.0,0.0,761
Video_Swin_Fused_262,0.0,0.0,762
Video_Swin_Fused_263,0.0,0.0,763
Video_Swin_Fused_264,0.0,0.0,764
Video_Swin_Fused_265,0.0,0.0,765
Video_Swin_Fused_266,0.0,0.0,766
Video_Swin_Fused_267,0.0,0.0,767
Video_Swin_Fused_256,0.0,0.0,768
