sample_index,temporal_index,height_index,width_index,importance
0,0,0,0,0.44001829624176025
0,0,0,1,0.31716787815093994
0,0,0,2,0.6096166372299194
0,0,0,3,0.34675759077072144
0,0,0,4,0.6586310863494873
0,0,0,5,0.3964139223098755
0,0,0,6,0.44678932428359985
0,0,0,7,0.9393509030342102
0,0,0,8,0.9441563487052917
0,0,0,9,0.9310693740844727
0,0,0,10,0.9106392860412598
0,0,0,11,0.9254663586616516
0,0,0,12,0.9910691380500793
0,0,0,13,0.37642911076545715
0,0,1,0,0.9449973702430725
0,0,1,1,0.8729243874549866
0,0,1,2,0.9222714304924011
0,0,1,3,0.9141173362731934
0,0,1,4,0.7496076822280884
0,0,1,5,0.880524218082428
0,0,1,6,0.4401155710220337
0,0,1,7,0.37334585189819336
0,0,1,8,0.8622907400131226
0,0,1,9,0.8871921896934509
0,0,1,10,0.9319061636924744
0,0,1,11,0.7478506565093994
0,0,1,12,0.6018372178077698
0,0,1,13,0.9004831314086914
0,0,2,0,0.3820819556713104
0,0,2,1,0.8744204044342041
0,0,2,2,0.8262410163879395
0,0,2,3,0.8860683441162109
0,0,2,4,0.8682695627212524
0,0,2,5,0.3339366316795349
0,0,2,6,0.7190314531326294
0,0,2,7,0.44493064284324646
0,0,2,8,0.6428227424621582
0,0,2,9,0.6202629804611206
0,0,2,10,0.7810574769973755
0,0,2,11,0.7914321422576904
0,0,2,12,0.3846270442008972
0,0,2,13,0.32768377661705017
0,0,3,0,0.5370425581932068
0,0,3,1,0.893358051776886
0,0,3,2,0.8804457187652588
0,0,3,3,0.3305147886276245
0,0,3,4,0.8765398859977722
0,0,3,5,0.8215863108634949
0,0,3,6,0.33554714918136597
0,0,3,7,0.44115447998046875
0,0,3,8,0.3361639976501465
0,0,3,9,0.46996158361434937
0,0,3,10,0.34694087505340576
0,0,3,11,0.5320346355438232
0,0,3,12,0.3964966833591461
0,0,3,13,0.4472822844982147
0,0,4,0,0.9381136894226074
0,0,4,1,0.9261900186538696
0,0,4,2,0.9250165224075317
0,0,4,3,0.9074341058731079
0,0,4,4,0.6456430554389954
0,0,4,5,0.9947332739830017
0,0,4,6,0.3749462962150574
0,0,4,7,0.938136637210846
0,0,4,8,0.8702807426452637
0,0,4,9,0.9157288074493408
0,0,4,10,0.9179175496101379
0,0,4,11,0.5383696556091309
0,0,4,12,0.8925212621688843
0,0,4,13,0.41824769973754883
0,0,5,0,0.4171679615974426
0,0,5,1,0.8738305568695068
0,0,5,2,0.8590608835220337
0,0,5,3,0.9277714490890503
0,0,5,4,0.40916863083839417
0,0,5,5,0.834869921207428
0,0,5,6,0.9176551699638367
0,0,5,7,0.36735695600509644
0,0,5,8,0.8773625493049622
0,0,5,9,0.847572922706604
0,0,5,10,0.9011461734771729
0,0,5,11,0.8705925941467285
0,0,5,12,0.826202392578125
0,0,5,13,0.6246926784515381
0,0,6,0,0.44796526432037354
0,0,6,1,0.769698977470398
0,0,6,2,0.4861464202404022
0,0,6,3,0.7669991850852966
0,0,6,4,0.8179378509521484
0,0,6,5,0.8473349213600159
0,0,6,6,0.32349371910095215
0,0,6,7,0.5405214428901672
0,0,6,8,0.8935113549232483
0,0,6,9,0.8791585564613342
0,0,6,10,0.3574365973472595
0,0,6,11,0.8769609332084656
0,0,6,12,0.8421099781990051
0,0,6,13,0.33971062302589417
0,1,0,0,0.44028592109680176
0,1,0,1,0.28236255049705505
0,1,0,2,0.40735918283462524
0,1,0,3,0.3527373969554901
0,1,0,4,0.6075990796089172
0,1,0,5,0.40049439668655396
0,1,0,6,0.44865381717681885
0,1,0,7,0.9514592289924622
0,1,0,8,0.9083662033081055
0,1,0,9,0.91525799036026
0,1,0,10,0.8909046053886414
0,1,0,11,0.739709198474884
0,1,0,12,0.9877070784568787
0,1,0,13,0.37116703391075134
0,1,1,0,0.9484706521034241
0,1,1,1,0.8360762000083923
0,1,1,2,0.9034630060195923
0,1,1,3,0.9139494299888611
0,1,1,4,0.5734139680862427
0,1,1,5,0.8873881101608276
0,1,1,6,0.883165717124939
0,1,1,7,0.5335994958877563
0,1,1,8,0.8606951832771301
0,1,1,9,0.8696214556694031
0,1,1,10,0.9236650466918945
0,1,1,11,0.572650134563446
0,1,1,12,0.7073835730552673
0,1,1,13,0.9130038022994995
0,1,2,0,0.37996357679367065
0,1,2,1,0.8737055659294128
0,1,2,2,0.8495948314666748
0,1,2,3,0.8816424608230591
0,1,2,4,0.8526378870010376
0,1,2,5,0.3443776071071625
0,1,2,6,0.7604137659072876
0,1,2,7,0.4473685920238495
0,1,2,8,0.604634165763855
0,1,2,9,0.523910403251648
0,1,2,10,0.7499780058860779
0,1,2,11,0.7999425530433655
0,1,2,12,0.8485600352287292
0,1,2,13,0.3233431577682495
0,1,3,0,0.5099344253540039
0,1,3,1,0.8919795155525208
0,1,3,2,0.8808013796806335
0,1,3,3,0.36411067843437195
0,1,3,4,0.8746204376220703
0,1,3,5,0.8435760736465454
0,1,3,6,0.3390991687774658
0,1,3,7,0.43750107288360596
0,1,3,8,0.4019099771976471
0,1,3,9,0.36048996448516846
0,1,3,10,0.35864293575286865
0,1,3,11,0.5528174638748169
0,1,3,12,0.3939649164676666
0,1,3,13,0.44665104150772095
0,1,4,0,0.9638254046440125
0,1,4,1,0.9237205386161804
0,1,4,2,0.9330521821975708
0,1,4,3,0.6870825290679932
0,1,4,4,0.736620306968689
0,1,4,5,0.9762305617332458
0,1,4,6,0.37647220492362976
0,1,4,7,0.9340364933013916
0,1,4,8,0.8250904679298401
0,1,4,9,0.9179461002349854
0,1,4,10,0.9054989814758301
0,1,4,11,0.5663130283355713
0,1,4,12,0.8784955739974976
0,1,4,13,0.8624134659767151
0,1,5,0,0.44392716884613037
0,1,5,1,0.8523812890052795
0,1,5,2,0.8546447157859802
0,1,5,3,0.9326050877571106
0,1,5,4,0.7752575874328613
0,1,5,5,0.7568697929382324
0,1,5,6,0.899930477142334
0,1,5,7,0.3725467026233673
0,1,5,8,0.8601698279380798
0,1,5,9,0.8433040976524353
0,1,5,10,0.8789280652999878
0,1,5,11,0.8421849012374878
0,1,5,12,0.34457728266716003
0,1,5,13,0.4472097158432007
0,1,6,0,0.43289515376091003
0,1,6,1,0.6741880178451538
0,1,6,2,0.4833041727542877
0,1,6,3,0.7335484027862549
0,1,6,4,0.6837460398674011
0,1,6,5,0.6156022548675537
0,1,6,6,0.32009586691856384
0,1,6,7,0.4407997131347656
0,1,6,8,0.8901110887527466
0,1,6,9,0.8711227178573608
0,1,6,10,0.3631969690322876
0,1,6,11,0.8697314262390137
0,1,6,12,0.8349512815475464
0,1,6,13,0.3389175832271576
0,2,0,0,0.4256061017513275
0,2,0,1,0.3458717167377472
0,2,0,2,0.35153794288635254
0,2,0,3,0.35804590582847595
0,2,0,4,0.5184662342071533
0,2,0,5,0.3884032070636749
0,2,0,6,0.4174249768257141
0,2,0,7,0.9521763920783997
0,2,0,8,0.8450384736061096
0,2,0,9,0.9248857498168945
0,2,0,10,0.872787356376648
0,2,0,11,0.4684949815273285
0,2,0,12,0.9264975190162659
0,2,0,13,0.3647167980670929
0,2,1,0,0.8531104922294617
0,2,1,1,0.684992790222168
0,2,1,2,0.8726841807365417
0,2,1,3,0.8498645424842834
0,2,1,4,0.4527127146720886
0,2,1,5,0.8544371724128723
0,2,1,6,0.3974630832672119
0,2,1,7,0.3393270969390869
0,2,1,8,0.7801102995872498
0,2,1,9,0.7758471369743347
0,2,1,10,0.823291003704071
0,2,1,11,0.6477424502372742
0,2,1,12,0.7349691390991211
0,2,1,13,0.9226890206336975
0,2,2,0,0.35284072160720825
0,2,2,1,0.8601488471031189
0,2,2,2,0.7944940328598022
0,2,2,3,0.5924542546272278
0,2,2,4,0.8226848244667053
0,2,2,5,0.3304595947265625
0,2,2,6,0.47442689538002014
0,2,2,7,0.4100176990032196
0,2,2,8,0.4956705868244171
0,2,2,9,0.5302563905715942
0,2,2,10,0.6320933103561401
0,2,2,11,0.5352730751037598
0,2,2,12,0.4061405658721924
0,2,2,13,0.32050853967666626
0,2,3,0,0.32867908477783203
0,2,3,1,0.8785971403121948
0,2,3,2,0.8273285627365112
0,2,3,3,0.3518994450569153
0,2,3,4,0.8519954085350037
0,2,3,5,0.7567403316497803
0,2,3,6,0.3254459798336029
0,2,3,7,0.4291619062423706
0,2,3,8,0.3374510705471039
0,2,3,9,0.40574774146080017
0,2,3,10,0.357976496219635
0,2,3,11,0.6025328040122986
0,2,3,12,0.3830879330635071
0,2,3,13,0.4276773929595947
0,2,4,0,0.9540563821792603
0,2,4,1,0.9074221849441528
0,2,4,2,0.9240593910217285
0,2,4,3,0.9299061894416809
0,2,4,4,0.823301374912262
0,2,4,5,0.9398822784423828
0,2,4,6,0.38291212916374207
0,2,4,7,0.6503334641456604
0,2,4,8,0.7784743905067444
0,2,4,9,0.8548216819763184
0,2,4,10,0.835225522518158
0,2,4,11,0.3929465115070343
0,2,4,12,0.8604348301887512
0,2,4,13,0.40004581212997437
0,2,5,0,0.34408390522003174
0,2,5,1,0.8200337886810303
0,2,5,2,0.7696011662483215
0,2,5,3,0.7230309844017029
0,2,5,4,0.6642303466796875
0,2,5,5,0.7588909268379211
0,2,5,6,0.9208747744560242
0,2,5,7,0.35644444823265076
0,2,5,8,0.8644633889198303
0,2,5,9,0.8051267266273499
0,2,5,10,0.7028642296791077
0,2,5,11,0.8415117859840393
0,2,5,12,0.33146241307258606
0,2,5,13,0.5031263828277588
0,2,6,0,0.4069610834121704
0,2,6,1,0.39786481857299805
0,2,6,2,0.6047440767288208
0,2,6,3,0.6429610252380371
0,2,6,4,0.6029534935951233
0,2,6,5,0.3808673024177551
0,2,6,6,0.3511384427547455
0,2,6,7,0.31544601917266846
0,2,6,8,0.8803006410598755
0,2,6,9,0.841593325138092
0,2,6,10,0.31681233644485474
0,2,6,11,0.8588547706604004
0,2,6,12,0.7669293880462646
0,2,6,13,0.3875066339969635
0,3,0,0,0.43245670199394226
0,3,0,1,0.3413406014442444
0,3,0,2,0.3744109570980072
0,3,0,3,0.3650919198989868
0,3,0,4,0.5905803442001343
0,3,0,5,0.3950130343437195
0,3,0,6,0.4315016567707062
0,3,0,7,0.9387550354003906
0,3,0,8,0.9018164873123169
0,3,0,9,0.8945799469947815
0,3,0,10,0.9063151478767395
0,3,0,11,0.5539059638977051
0,3,0,12,0.936225175857544
0,3,0,13,0.3688944876194
0,3,1,0,0.5934293270111084
0,3,1,1,0.8062133193016052
0,3,1,2,0.8617023825645447
0,3,1,3,0.8541200757026672
0,3,1,4,0.3716298043727875
0,3,1,5,0.8052256107330322
0,3,1,6,0.40437036752700806
0,3,1,7,0.3951205015182495
0,3,1,8,0.8192233443260193
0,3,1,9,0.7636146545410156
0,3,1,10,0.7770026922225952
0,3,1,11,0.7426625490188599
0,3,1,12,0.6084501147270203
0,3,1,13,0.9056867361068726
0,3,2,0,0.35909682512283325
0,3,2,1,0.8566194772720337
0,3,2,2,0.8067022562026978
0,3,2,3,0.8496182560920715
0,3,2,4,0.8461294174194336
0,3,2,5,0.3086937963962555
0,3,2,6,0.3404223918914795
0,3,2,7,0.40775829553604126
0,3,2,8,0.4270918071269989
0,3,2,9,0.6025605201721191
0,3,2,10,0.6330267786979675
0,3,2,11,0.4388730525970459
0,3,2,12,0.3848280906677246
0,3,2,13,0.3275761306285858
0,3,3,0,0.31947311758995056
0,3,3,1,0.8821642398834229
0,3,3,2,0.8350732326507568
0,3,3,3,0.33047106862068176
0,3,3,4,0.8590602874755859
0,3,3,5,0.7688528299331665
0,3,3,6,0.36181581020355225
0,3,3,7,0.43290096521377563
0,3,3,8,0.3368739187717438
0,3,3,9,0.4240502417087555
0,3,3,10,0.3626267611980438
0,3,3,11,0.6809359788894653
0,3,3,12,0.39291927218437195
0,3,3,13,0.43451136350631714
0,3,4,0,0.9043096303939819
0,3,4,1,0.9251365661621094
0,3,4,2,0.9391815662384033
0,3,4,3,0.9245036840438843
0,3,4,4,0.857779324054718
0,3,4,5,0.9410001039505005
0,3,4,6,0.3701273202896118
0,3,4,7,0.7365530133247375
0,3,4,8,0.8170932531356812
0,3,4,9,0.8839054703712463
0,3,4,10,0.8597325086593628
0,3,4,11,0.43192169070243835
0,3,4,12,0.8133718967437744
0,3,4,13,0.3999756872653961
0,3,5,0,0.41466468572616577
0,3,5,1,0.8109331130981445
0,3,5,2,0.7209049463272095
0,3,5,3,0.663311779499054
0,3,5,4,0.4972090721130371
0,3,5,5,0.5980756878852844
0,3,5,6,0.9023796319961548
0,3,5,7,0.36321043968200684
0,3,5,8,0.8444801568984985
0,3,5,9,0.8035989999771118
0,3,5,10,0.8132596611976624
0,3,5,11,0.8557025790214539
0,3,5,12,0.3368627429008484
0,3,5,13,0.3966909945011139
0,3,6,0,0.42266225814819336
0,3,6,1,0.46827712655067444
0,3,6,2,0.563310444355011
0,3,6,3,0.6482468247413635
0,3,6,4,0.4983297288417816
0,3,6,5,0.38383737206459045
0,3,6,6,0.353436142206192
0,3,6,7,0.3850342929363251
0,3,6,8,0.8838142156600952
0,3,6,9,0.8452068567276001
0,3,6,10,0.31645384430885315
0,3,6,11,0.8587116003036499
0,3,6,12,0.7689099311828613
0,3,6,13,0.2984580099582672
0,4,0,0,0.4347306787967682
0,4,0,1,0.3232325315475464
0,4,0,2,0.732418954372406
0,4,0,3,0.3469123840332031
0,4,0,4,0.6801760792732239
0,4,0,5,0.38159695267677307
0,4,0,6,0.4346950054168701
0,4,0,7,0.9394446015357971
0,4,0,8,0.8980146050453186
0,4,0,9,0.957490086555481
0,4,0,10,0.9586131572723389
0,4,0,11,0.8444551229476929
0,4,0,12,0.9545297026634216
0,4,0,13,0.3719261884689331
0,4,1,0,0.9264926314353943
0,4,1,1,0.8394764065742493
0,4,1,2,0.9317613840103149
0,4,1,3,0.8940117359161377
0,4,1,4,0.6895248889923096
0,4,1,5,0.8450690507888794
0,4,1,6,0.40088871121406555
0,4,1,7,0.3304763734340668
0,4,1,8,0.8405630588531494
0,4,1,9,0.8671441674232483
0,4,1,10,0.9053286910057068
0,4,1,11,0.7304798364639282
0,4,1,12,0.7776556015014648
0,4,1,13,0.8946957588195801
0,4,2,0,0.37127652764320374
0,4,2,1,0.8593040108680725
0,4,2,2,0.8332386612892151
0,4,2,3,0.8552009463310242
0,4,2,4,0.8448826670646667
0,4,2,5,0.33589601516723633
0,4,2,6,0.35399341583251953
0,4,2,7,0.41282594203948975
0,4,2,8,0.5655338764190674
0,4,2,9,0.5717973113059998
0,4,2,10,0.6450992226600647
0,4,2,11,0.42845824360847473
0,4,2,12,0.38537776470184326
0,4,2,13,0.3276369273662567
0,4,3,0,0.41874960064888
0,4,3,1,0.8887930512428284
0,4,3,2,0.8405590653419495
0,4,3,3,0.32192307710647583
0,4,3,4,0.8601089119911194
0,4,3,5,0.7559157609939575
0,4,3,6,0.32267603278160095
0,4,3,7,0.43226370215415955
0,4,3,8,0.31989485025405884
0,4,3,9,0.8240732550621033
0,4,3,10,0.3588058650493622
0,4,3,11,0.7539085745811462
0,4,3,12,0.39694228768348694
0,4,3,13,0.43455860018730164
0,4,4,0,0.9303087592124939
0,4,4,1,0.9082443714141846
0,4,4,2,0.9566165208816528
0,4,4,3,0.9373000860214233
0,4,4,4,0.8507960438728333
0,4,4,5,0.9626445770263672
0,4,4,6,0.3778207302093506
0,4,4,7,0.9132213592529297
0,4,4,8,0.8449935913085938
0,4,4,9,0.9386752247810364
0,4,4,10,0.8640148639678955
0,4,4,11,0.6400082111358643
0,4,4,12,0.8559091687202454
0,4,4,13,0.7046233415603638
0,4,5,0,0.36259666085243225
0,4,5,1,0.820965051651001
0,4,5,2,0.832577645778656
0,4,5,3,0.7620267868041992
0,4,5,4,0.5613147020339966
0,4,5,5,0.7581419348716736
0,4,5,6,0.8999070525169373
0,4,5,7,0.36588233709335327
0,4,5,8,0.8656952977180481
0,4,5,9,0.8163609504699707
0,4,5,10,0.7633470892906189
0,4,5,11,0.8447090983390808
0,4,5,12,0.3354661762714386
0,4,5,13,0.3707675635814667
0,4,6,0,0.4107397794723511
0,4,6,1,0.574163556098938
0,4,6,2,0.6050382852554321
0,4,6,3,0.6556438207626343
0,4,6,4,0.4045531451702118
0,4,6,5,0.42634958028793335
0,4,6,6,0.38072702288627625
0,4,6,7,0.43478116393089294
0,4,6,8,0.8883593678474426
0,4,6,9,0.8332192301750183
0,4,6,10,0.3212408125400543
0,4,6,11,0.8583952784538269
0,4,6,12,0.7525216937065125
0,4,6,13,0.34288308024406433
0,5,0,0,0.4302116334438324
0,5,0,1,0.3560214340686798
0,5,0,2,0.3652544319629669
0,5,0,3,0.3778669238090515
0,5,0,4,0.372474730014801
0,5,0,5,0.40096303820610046
0,5,0,6,0.43377453088760376
0,5,0,7,0.9327012300491333
0,5,0,8,0.7098410129547119
0,5,0,9,0.8925246596336365
0,5,0,10,0.510272204875946
0,5,0,11,0.3363534212112427
0,5,0,12,0.9551590085029602
0,5,0,13,0.36719849705696106
0,5,1,0,0.9486303329467773
0,5,1,1,0.5603767037391663
0,5,1,2,0.8941251635551453
0,5,1,3,0.7260460257530212
0,5,1,4,0.4116206169128418
0,5,1,5,0.8179135322570801
0,5,1,6,0.6973469853401184
0,5,1,7,0.3308497965335846
0,5,1,8,0.8299665451049805
0,5,1,9,0.7928836941719055
0,5,1,10,0.7219411134719849
0,5,1,11,0.512925922870636
0,5,1,12,0.5913624167442322
0,5,1,13,0.886099100112915
0,5,2,0,0.3623161315917969
0,5,2,1,0.8615754842758179
0,5,2,2,0.7741947770118713
0,5,2,3,0.7177144289016724
0,5,2,4,0.787966251373291
0,5,2,5,0.3333584666252136
0,5,2,6,0.339922696352005
0,5,2,7,0.4096885621547699
0,5,2,8,0.5814233422279358
0,5,2,9,0.4888949990272522
0,5,2,10,0.3817075192928314
0,5,2,11,0.2838084399700165
0,5,2,12,0.37873226404190063
0,5,2,13,0.32152166962623596
0,5,3,0,0.45777595043182373
0,5,3,1,0.8857665657997131
0,5,3,2,0.7875241637229919
0,5,3,3,0.34124523401260376
0,5,3,4,0.8486760854721069
0,5,3,5,0.7435036897659302
0,5,3,6,0.35806694626808167
0,5,3,7,0.42765122652053833
0,5,3,8,0.36091846227645874
0,5,3,9,0.36499151587486267
0,5,3,10,0.3707721531391144
0,5,3,11,0.47571009397506714
0,5,3,12,0.40029579401016235
0,5,3,13,0.4311734437942505
0,5,4,0,0.9129530191421509
0,5,4,1,0.7857556343078613
0,5,4,2,0.9210495352745056
0,5,4,3,0.7696965336799622
0,5,4,4,0.566106915473938
0,5,4,5,0.9645833969116211
0,5,4,6,0.37673312425613403
0,5,4,7,0.9043136239051819
0,5,4,8,0.5849476456642151
0,5,4,9,0.8754215240478516
0,5,4,10,0.7991995811462402
0,5,4,11,0.42056503891944885
0,5,4,12,0.8138360977172852
0,5,4,13,0.3965206444263458
0,5,5,0,0.3817812502384186
0,5,5,1,0.7626616954803467
0,5,5,2,0.7721846699714661
0,5,5,3,0.7279016971588135
0,5,5,4,0.5793195366859436
0,5,5,5,0.4754877984523773
0,5,5,6,0.882001519203186
0,5,5,7,0.3587706387042999
0,5,5,8,0.8612378239631653
0,5,5,9,0.7526459097862244
0,5,5,10,0.6484010815620422
0,5,5,11,0.8617653846740723
0,5,5,12,0.32760104537010193
0,5,5,13,0.6188237071037292
0,5,6,0,0.4144136309623718
0,5,6,1,0.5886685848236084
0,5,6,2,0.5966053605079651
0,5,6,3,0.5567795038223267
0,5,6,4,0.37120622396469116
0,5,6,5,0.37601637840270996
0,5,6,6,0.31246480345726013
0,5,6,7,0.4022119641304016
0,5,6,8,0.8836736083030701
0,5,6,9,0.782301664352417
0,5,6,10,0.3491918444633484
0,5,6,11,0.8487508296966553
0,5,6,12,0.7238151431083679
0,5,6,13,0.32750988006591797
0,6,0,0,0.4473976492881775
0,6,0,1,0.5142631530761719
0,6,0,2,0.8971817493438721
0,6,0,3,0.36970096826553345
0,6,0,4,0.5624668002128601
0,6,0,5,0.40589025616645813
0,6,0,6,0.44743096828460693
0,6,0,7,0.9250596761703491
0,6,0,8,0.9794528484344482
0,6,0,9,1.0
0,6,0,10,0.9707013368606567
0,6,0,11,0.8840417265892029
0,6,0,12,0.9887762069702148
0,6,0,13,0.3435211777687073
0,6,1,0,0.9208009839057922
0,6,1,1,0.9004422426223755
0,6,1,2,0.985369861125946
0,6,1,3,0.9731478095054626
0,6,1,4,0.8000087738037109
0,6,1,5,0.9127406477928162
0,6,1,6,0.4325610399246216
0,6,1,7,0.47155940532684326
0,6,1,8,0.8813227415084839
0,6,1,9,0.8766135573387146
0,6,1,10,0.8618244528770447
0,6,1,11,0.6640759706497192
0,6,1,12,0.489609956741333
0,6,1,13,0.8892064094543457
0,6,2,0,0.3856484591960907
0,6,2,1,0.9008819460868835
0,6,2,2,0.8396928310394287
0,6,2,3,0.9430909156799316
0,6,2,4,0.8754101991653442
0,6,2,5,0.6444480419158936
0,6,2,6,0.3703107237815857
0,6,2,7,0.44732147455215454
0,6,2,8,0.704915463924408
0,6,2,9,0.5668986439704895
0,6,2,10,0.6833729147911072
0,6,2,11,0.5734561681747437
0,6,2,12,0.7276074886322021
0,6,2,13,0.39785435795783997
0,6,3,0,0.4781892001628876
0,6,3,1,0.8999359011650085
0,6,3,2,0.8693453669548035
0,6,3,3,0.3303023874759674
0,6,3,4,0.8704671859741211
0,6,3,5,0.7838312983512878
0,6,3,6,0.3372557759284973
0,6,3,7,0.44897788763046265
0,6,3,8,0.3580080568790436
0,6,3,9,0.36689046025276184
0,6,3,10,0.3738615810871124
0,6,3,11,0.4303332567214966
0,6,3,12,0.7844570279121399
0,6,3,13,0.44928398728370667
0,6,4,0,0.9438552856445312
0,6,4,1,0.527065634727478
0,6,4,2,0.9629219770431519
0,6,4,3,0.46954870223999023
0,6,4,4,0.37152785062789917
0,6,4,5,0.9935355186462402
0,6,4,6,0.37963810563087463
0,6,4,7,0.9436590671539307
0,6,4,8,0.6072876453399658
0,6,4,9,0.9875314235687256
0,6,4,10,0.9511922001838684
0,6,4,11,0.4508090317249298
0,6,4,12,0.9066792726516724
0,6,4,13,0.4177962839603424
0,6,5,0,0.8415339589118958
0,6,5,1,0.8877121806144714
0,6,5,2,0.8600702285766602
0,6,5,3,0.8939715623855591
0,6,5,4,0.4898379147052765
0,6,5,5,0.8772215843200684
0,6,5,6,0.8941828012466431
0,6,5,7,0.3891165256500244
0,6,5,8,0.9001160264015198
0,6,5,9,0.8328974843025208
0,6,5,10,0.7707830667495728
0,6,5,11,0.8924527764320374
0,6,5,12,0.3391730785369873
0,6,5,13,0.3670181930065155
0,6,6,0,0.4504592716693878
0,6,6,1,0.748681902885437
0,6,6,2,0.6288343667984009
0,6,6,3,0.74043208360672
0,6,6,4,0.7063477635383606
0,6,6,5,0.8307201266288757
0,6,6,6,0.3355898857116699
0,6,6,7,0.5329761505126953
0,6,6,8,0.9022774696350098
0,6,6,9,0.8843809962272644
0,6,6,10,0.3393307030200958
0,6,6,11,0.8738390207290649
0,6,6,12,0.8208138346672058
0,6,6,13,0.3659772276878357
0,7,0,0,0.4476097822189331
0,7,0,1,0.5767679810523987
0,7,0,2,0.7500914931297302
0,7,0,3,0.3686520755290985
0,7,0,4,0.6725562810897827
0,7,0,5,0.6230402588844299
0,7,0,6,0.44924938678741455
0,7,0,7,0.9165099263191223
0,7,0,8,0.9570813775062561
0,7,0,9,0.9636207818984985
0,7,0,10,0.9784844517707825
0,7,0,11,0.8890019059181213
0,7,0,12,0.9929515719413757
0,7,0,13,0.38024765253067017
0,7,1,0,0.9347335696220398
0,7,1,1,0.9087479710578918
0,7,1,2,0.978309154510498
0,7,1,3,0.9727920293807983
0,7,1,4,0.7006491422653198
0,7,1,5,0.9011539220809937
0,7,1,6,0.8907065391540527
0,7,1,7,0.4350303113460541
0,7,1,8,0.8955144286155701
0,7,1,9,0.9364675879478455
0,7,1,10,0.9321438670158386
0,7,1,11,0.8588470220565796
0,7,1,12,0.8475753664970398
0,7,1,13,0.8879488110542297
0,7,2,0,0.3900185525417328
0,7,2,1,0.8923581838607788
0,7,2,2,0.8652763962745667
0,7,2,3,0.9675173759460449
0,7,2,4,0.8858906626701355
0,7,2,5,0.3450062870979309
0,7,2,6,0.36719807982444763
0,7,2,7,0.4491306245326996
0,7,2,8,0.7476741075515747
0,7,2,9,0.680054247379303
0,7,2,10,0.7627544403076172
0,7,2,11,0.593925952911377
0,7,2,12,0.8264431357383728
0,7,2,13,0.4079214930534363
0,7,3,0,0.539763867855072
0,7,3,1,0.9016323685646057
0,7,3,2,0.8895552754402161
0,7,3,3,0.33223289251327515
0,7,3,4,0.8758144378662109
0,7,3,5,0.8347500562667847
0,7,3,6,0.3653312921524048
0,7,3,7,0.4438822567462921
0,7,3,8,0.42152002453804016
0,7,3,9,0.6210203170776367
0,7,3,10,0.35897740721702576
0,7,3,11,0.6544691920280457
0,7,3,12,0.4041668474674225
0,7,3,13,0.4466688334941864
0,7,4,0,0.9306077361106873
0,7,4,1,0.9306685924530029
0,7,4,2,0.9726028442382812
0,7,4,3,0.9527926445007324
0,7,4,4,0.8297973871231079
0,7,4,5,0.9902084469795227
0,7,4,6,0.38239553570747375
0,7,4,7,0.9195083379745483
0,7,4,8,0.9006732702255249
0,7,4,9,0.9978065490722656
0,7,4,10,0.9793897271156311
0,7,4,11,0.6658433079719543
0,7,4,12,0.8919385671615601
0,7,4,13,0.8889778256416321
0,7,5,0,0.6399415135383606
0,7,5,1,0.9047715663909912
0,7,5,2,0.9346008896827698
0,7,5,3,0.8915433883666992
0,7,5,4,0.7852001786231995
0,7,5,5,0.7845318913459778
0,7,5,6,0.8831246495246887
0,7,5,7,0.3855685889720917
0,7,5,8,0.9037185907363892
0,7,5,9,0.8422426581382751
0,7,5,10,0.8657428026199341
0,7,5,11,0.8960291147232056
0,7,5,12,0.3439379632472992
0,7,5,13,0.46329352259635925
0,7,6,0,0.4394038915634155
0,7,6,1,0.7330338358879089
0,7,6,2,0.680508553981781
0,7,6,3,0.7634965777397156
0,7,6,4,0.7025453448295593
0,7,6,5,0.8282365798950195
0,7,6,6,0.3691152036190033
0,7,6,7,0.5375938415527344
0,7,6,8,0.9003092050552368
0,7,6,9,0.8876067996025085
0,7,6,10,0.3297536075115204
0,7,6,11,0.875242292881012
0,7,6,12,0.8292613625526428
0,7,6,13,0.36398008465766907
