video_id,filename,path,label,class,dataset
youtube_neg_0000,clip_005.mp4,/content/drive/MyDrive/ParkinsonDataset/Youtube dataset/Negative/clip_005.mp4,0,Negative,YouTube
youtube_neg_0001,clip_006.mp4,/content/drive/MyDrive/ParkinsonDataset/Youtube dataset/Negative/clip_006.mp4,0,Negative,YouTube
youtube_neg_0002,clip_007.mp4,/content/drive/MyDrive/ParkinsonDataset/Youtube dataset/Negative/clip_007.mp4,0,Negative,YouTube
youtube_neg_0003,clip_008.mp4,/content/drive/MyDrive/ParkinsonDataset/Youtube dataset/Negative/clip_008.mp4,0,Negative,YouTube
youtube_neg_0004,clip_009.mp4,/content/drive/MyDrive/ParkinsonDataset/Youtube dataset/Negative/clip_009.mp4,0,Negative,YouTube
youtube_neg_0005,clip_010.mp4,/content/drive/MyDrive/ParkinsonDataset/Youtube dataset/Negative/clip_010.mp4,0,Negative,YouTube
youtube_neg_0006,clip_011.mp4,/content/drive/MyDrive/ParkinsonDataset/Youtube dataset/Negative/clip_011.mp4,0,Negative,YouTube
youtube_neg_0007,clip_012.mp4,/content/drive/MyDrive/ParkinsonDataset/Youtube dataset/Negative/clip_012.mp4,0,Negative,YouTube
youtube_neg_0008,clip_014.mp4,/content/drive/MyDrive/ParkinsonDataset/Youtube dataset/Negative/clip_014.mp4,0,Negative,YouTube
youtube_neg_0009,clip_019.mp4,/content/drive/MyDrive/ParkinsonDataset/Youtube dataset/Negative/clip_019.mp4,0,Negative,YouTube
youtube_neg_0010,clip_021.mp4,/content/drive/MyDrive/ParkinsonDataset/Youtube dataset/Negative/clip_021.mp4,0,Negative,YouTube
youtube_neg_0011,clip_022.mp4,/content/drive/MyDrive/ParkinsonDataset/Youtube dataset/Negative/clip_022.mp4,0,Negative,YouTube
youtube_neg_0012,clip_023.mp4,/content/drive/MyDrive/ParkinsonDataset/Youtube dataset/Negative/clip_023.mp4,0,Negative,YouTube
youtube_neg_0013,clip_024.mp4,/content/drive/MyDrive/ParkinsonDataset/Youtube dataset/Negative/clip_024.mp4,0,Negative,YouTube
youtube_neg_0014,clip_025.mp4,/content/drive/MyDrive/ParkinsonDataset/Youtube dataset/Negative/clip_025.mp4,0,Negative,YouTube
youtube_neg_0015,clip_027.mp4,/content/drive/MyDrive/ParkinsonDataset/Youtube dataset/Negative/clip_027.mp4,0,Negative,YouTube
youtube_neg_0016,clip_033.mp4,/content/drive/MyDrive/ParkinsonDataset/Youtube dataset/Negative/clip_033.mp4,0,Negative,YouTube
youtube_neg_0017,clip_035.mp4,/content/drive/MyDrive/ParkinsonDataset/Youtube dataset/Negative/clip_035.mp4,0,Negative,YouTube
youtube_neg_0018,clip_038.mp4,/content/drive/MyDrive/ParkinsonDataset/Youtube dataset/Negative/clip_038.mp4,0,Negative,YouTube
youtube_neg_0019,clip_039.mp4,/content/drive/MyDrive/ParkinsonDataset/Youtube dataset/Negative/clip_039.mp4,0,Negative,YouTube
youtube_neg_0020,clip_040.mp4,/content/drive/MyDrive/ParkinsonDataset/Youtube dataset/Negative/clip_040.mp4,0,Negative,YouTube
youtube_neg_0021,clip_045.mp4,/content/drive/MyDrive/ParkinsonDataset/Youtube dataset/Negative/clip_045.mp4,0,Negative,YouTube
youtube_neg_0022,clip_046.mp4,/content/drive/MyDrive/ParkinsonDataset/Youtube dataset/Negative/clip_046.mp4,0,Negative,YouTube
youtube_neg_0023,clip_047.mp4,/content/drive/MyDrive/ParkinsonDataset/Youtube dataset/Negative/clip_047.mp4,0,Negative,YouTube
youtube_neg_0024,clip_048.mp4,/content/drive/MyDrive/ParkinsonDataset/Youtube dataset/Negative/clip_048.mp4,0,Negative,YouTube
youtube_neg_0025,clip_060.mp4,/content/drive/MyDrive/ParkinsonDataset/Youtube dataset/Negative/clip_060.mp4,0,Negative,YouTube
youtube_neg_0026,clip_061.mp4,/content/drive/MyDrive/ParkinsonDataset/Youtube dataset/Negative/clip_061.mp4,0,Negative,YouTube
youtube_neg_0027,clip_062.mp4,/content/drive/MyDrive/ParkinsonDataset/Youtube dataset/Negative/clip_062.mp4,0,Negative,YouTube
youtube_neg_0028,clip_063.mp4,/content/drive/MyDrive/ParkinsonDataset/Youtube dataset/Negative/clip_063.mp4,0,Negative,YouTube
youtube_neg_0029,clip_064.mp4,/content/drive/MyDrive/ParkinsonDataset/Youtube dataset/Negative/clip_064.mp4,0,Negative,YouTube
youtube_neg_0030,clip_066.mp4,/content/drive/MyDrive/ParkinsonDataset/Youtube dataset/Negative/clip_066.mp4,0,Negative,YouTube
youtube_neg_0031,clip_072.mp4,/content/drive/MyDrive/ParkinsonDataset/Youtube dataset/Negative/clip_072.mp4,0,Negative,YouTube
youtube_neg_0032,clip_073.mp4,/content/drive/MyDrive/ParkinsonDataset/Youtube dataset/Negative/clip_073.mp4,0,Negative,YouTube
youtube_neg_0033,clip_077.mp4,/content/drive/MyDrive/ParkinsonDataset/Youtube dataset/Negative/clip_077.mp4,0,Negative,YouTube
youtube_neg_0034,clip_078.mp4,/content/drive/MyDrive/ParkinsonDataset/Youtube dataset/Negative/clip_078.mp4,0,Negative,YouTube
youtube_neg_0035,clip_079.mp4,/content/drive/MyDrive/ParkinsonDataset/Youtube dataset/Negative/clip_079.mp4,0,Negative,YouTube
youtube_neg_0036,clip_085.mp4,/content/drive/MyDrive/ParkinsonDataset/Youtube dataset/Negative/clip_085.mp4,0,Negative,YouTube
youtube_neg_0037,clip_086.mp4,/content/drive/MyDrive/ParkinsonDataset/Youtube dataset/Negative/clip_086.mp4,0,Negative,YouTube
youtube_neg_0038,clip_087.mp4,/content/drive/MyDrive/ParkinsonDataset/Youtube dataset/Negative/clip_087.mp4,0,Negative,YouTube
youtube_neg_0039,clip_093.mp4,/content/drive/MyDrive/ParkinsonDataset/Youtube dataset/Negative/clip_093.mp4,0,Negative,YouTube
youtube_neg_0040,clip_094.mp4,/content/drive/MyDrive/ParkinsonDataset/Youtube dataset/Negative/clip_094.mp4,0,Negative,YouTube
youtube_neg_0041,clip_095.mp4,/content/drive/MyDrive/ParkinsonDataset/Youtube dataset/Negative/clip_095.mp4,0,Negative,YouTube
youtube_neg_0042,clip_096.mp4,/content/drive/MyDrive/ParkinsonDataset/Youtube dataset/Negative/clip_096.mp4,0,Negative,YouTube
youtube_neg_0043,clip_097.mp4,/content/drive/MyDrive/ParkinsonDataset/Youtube dataset/Negative/clip_097.mp4,0,Negative,YouTube
youtube_neg_0044,clip_102.mp4,/content/drive/MyDrive/ParkinsonDataset/Youtube dataset/Negative/clip_102.mp4,0,Negative,YouTube
youtube_neg_0045,clip_104.mp4,/content/drive/MyDrive/ParkinsonDataset/Youtube dataset/Negative/clip_104.mp4,0,Negative,YouTube
youtube_neg_0046,clip_105.mp4,/content/drive/MyDrive/ParkinsonDataset/Youtube dataset/Negative/clip_105.mp4,0,Negative,YouTube
youtube_neg_0047,clip_110.mp4,/content/drive/MyDrive/ParkinsonDataset/Youtube dataset/Negative/clip_110.mp4,0,Negative,YouTube
youtube_neg_0048,clip_111.mp4,/content/drive/MyDrive/ParkinsonDataset/Youtube dataset/Negative/clip_111.mp4,0,Negative,YouTube
youtube_neg_0049,clip_112.mp4,/content/drive/MyDrive/ParkinsonDataset/Youtube dataset/Negative/clip_112.mp4,0,Negative,YouTube
youtube_neg_0050,clip_115.mp4,/content/drive/MyDrive/ParkinsonDataset/Youtube dataset/Negative/clip_115.mp4,0,Negative,YouTube
youtube_pos_0000,1:00-1:10.mp4,/content/drive/MyDrive/ParkinsonDataset/Youtube dataset/Positive/1:00-1:10.mp4,1,Positive,YouTube
youtube_pos_0001,8:18-8:28.mp4,/content/drive/MyDrive/ParkinsonDataset/Youtube dataset/Positive/8:18-8:28.mp4,1,Positive,YouTube
youtube_pos_0002,clip_001.mp4,/content/drive/MyDrive/ParkinsonDataset/Youtube dataset/Positive/clip_001.mp4,1,Positive,YouTube
youtube_pos_0003,clip_002.mp4,/content/drive/MyDrive/ParkinsonDataset/Youtube dataset/Positive/clip_002.mp4,1,Positive,YouTube
youtube_pos_0004,clip_003.mp4,/content/drive/MyDrive/ParkinsonDataset/Youtube dataset/Positive/clip_003.mp4,1,Positive,YouTube
youtube_pos_0005,clip_004.mp4,/content/drive/MyDrive/ParkinsonDataset/Youtube dataset/Positive/clip_004.mp4,1,Positive,YouTube
youtube_pos_0006,clip_013.mp4,/content/drive/MyDrive/ParkinsonDataset/Youtube dataset/Positive/clip_013.mp4,1,Positive,YouTube
youtube_pos_0007,clip_015.mp4,/content/drive/MyDrive/ParkinsonDataset/Youtube dataset/Positive/clip_015.mp4,1,Positive,YouTube
youtube_pos_0008,clip_016.mp4,/content/drive/MyDrive/ParkinsonDataset/Youtube dataset/Positive/clip_016.mp4,1,Positive,YouTube
youtube_pos_0009,clip_017.mp4,/content/drive/MyDrive/ParkinsonDataset/Youtube dataset/Positive/clip_017.mp4,1,Positive,YouTube
youtube_pos_0010,clip_018.mp4,/content/drive/MyDrive/ParkinsonDataset/Youtube dataset/Positive/clip_018.mp4,1,Positive,YouTube
youtube_pos_0011,clip_020.mp4,/content/drive/MyDrive/ParkinsonDataset/Youtube dataset/Positive/clip_020.mp4,1,Positive,YouTube
youtube_pos_0012,clip_026.mp4,/content/drive/MyDrive/ParkinsonDataset/Youtube dataset/Positive/clip_026.mp4,1,Positive,YouTube
youtube_pos_0013,clip_028.mp4,/content/drive/MyDrive/ParkinsonDataset/Youtube dataset/Positive/clip_028.mp4,1,Positive,YouTube
youtube_pos_0014,clip_029.mp4,/content/drive/MyDrive/ParkinsonDataset/Youtube dataset/Positive/clip_029.mp4,1,Positive,YouTube
youtube_pos_0015,clip_030.mp4,/content/drive/MyDrive/ParkinsonDataset/Youtube dataset/Positive/clip_030.mp4,1,Positive,YouTube
youtube_pos_0016,clip_031.mp4,/content/drive/MyDrive/ParkinsonDataset/Youtube dataset/Positive/clip_031.mp4,1,Positive,YouTube
youtube_pos_0017,clip_032.mp4,/content/drive/MyDrive/ParkinsonDataset/Youtube dataset/Positive/clip_032.mp4,1,Positive,YouTube
youtube_pos_0018,clip_034.mp4,/content/drive/MyDrive/ParkinsonDataset/Youtube dataset/Positive/clip_034.mp4,1,Positive,YouTube
youtube_pos_0019,clip_036.mp4,/content/drive/MyDrive/ParkinsonDataset/Youtube dataset/Positive/clip_036.mp4,1,Positive,YouTube
youtube_pos_0020,clip_037.mp4,/content/drive/MyDrive/ParkinsonDataset/Youtube dataset/Positive/clip_037.mp4,1,Positive,YouTube
youtube_pos_0021,clip_041.mp4,/content/drive/MyDrive/ParkinsonDataset/Youtube dataset/Positive/clip_041.mp4,1,Positive,YouTube
youtube_pos_0022,clip_042.mp4,/content/drive/MyDrive/ParkinsonDataset/Youtube dataset/Positive/clip_042.mp4,1,Positive,YouTube
youtube_pos_0023,clip_043.mp4,/content/drive/MyDrive/ParkinsonDataset/Youtube dataset/Positive/clip_043.mp4,1,Positive,YouTube
youtube_pos_0024,clip_044.mp4,/content/drive/MyDrive/ParkinsonDataset/Youtube dataset/Positive/clip_044.mp4,1,Positive,YouTube
youtube_pos_0025,clip_049.mp4,/content/drive/MyDrive/ParkinsonDataset/Youtube dataset/Positive/clip_049.mp4,1,Positive,YouTube
youtube_pos_0026,clip_050.mp4,/content/drive/MyDrive/ParkinsonDataset/Youtube dataset/Positive/clip_050.mp4,1,Positive,YouTube
youtube_pos_0027,clip_051.mp4,/content/drive/MyDrive/ParkinsonDataset/Youtube dataset/Positive/clip_051.mp4,1,Positive,YouTube
youtube_pos_0028,clip_052.mp4,/content/drive/MyDrive/ParkinsonDataset/Youtube dataset/Positive/clip_052.mp4,1,Positive,YouTube
youtube_pos_0029,clip_053.mp4,/content/drive/MyDrive/ParkinsonDataset/Youtube dataset/Positive/clip_053.mp4,1,Positive,YouTube
youtube_pos_0030,clip_054.mp4,/content/drive/MyDrive/ParkinsonDataset/Youtube dataset/Positive/clip_054.mp4,1,Positive,YouTube
youtube_pos_0031,clip_055.mp4,/content/drive/MyDrive/ParkinsonDataset/Youtube dataset/Positive/clip_055.mp4,1,Positive,YouTube
youtube_pos_0032,clip_056.mp4,/content/drive/MyDrive/ParkinsonDataset/Youtube dataset/Positive/clip_056.mp4,1,Positive,YouTube
youtube_pos_0033,clip_057.mp4,/content/drive/MyDrive/ParkinsonDataset/Youtube dataset/Positive/clip_057.mp4,1,Positive,YouTube
youtube_pos_0034,clip_058.mp4,/content/drive/MyDrive/ParkinsonDataset/Youtube dataset/Positive/clip_058.mp4,1,Positive,YouTube
youtube_pos_0035,clip_059.mp4,/content/drive/MyDrive/ParkinsonDataset/Youtube dataset/Positive/clip_059.mp4,1,Positive,YouTube
youtube_pos_0036,clip_065.mp4,/content/drive/MyDrive/ParkinsonDataset/Youtube dataset/Positive/clip_065.mp4,1,Positive,YouTube
youtube_pos_0037,clip_067.mp4,/content/drive/MyDrive/ParkinsonDataset/Youtube dataset/Positive/clip_067.mp4,1,Positive,YouTube
youtube_pos_0038,clip_068.mp4,/content/drive/MyDrive/ParkinsonDataset/Youtube dataset/Positive/clip_068.mp4,1,Positive,YouTube
youtube_pos_0039,clip_069.mp4,/content/drive/MyDrive/ParkinsonDataset/Youtube dataset/Positive/clip_069.mp4,1,Positive,YouTube
youtube_pos_0040,clip_070.mp4,/content/drive/MyDrive/ParkinsonDataset/Youtube dataset/Positive/clip_070.mp4,1,Positive,YouTube
youtube_pos_0041,clip_071.mp4,/content/drive/MyDrive/ParkinsonDataset/Youtube dataset/Positive/clip_071.mp4,1,Positive,YouTube
youtube_pos_0042,clip_074.mp4,/content/drive/MyDrive/ParkinsonDataset/Youtube dataset/Positive/clip_074.mp4,1,Positive,YouTube
youtube_pos_0043,clip_075.mp4,/content/drive/MyDrive/ParkinsonDataset/Youtube dataset/Positive/clip_075.mp4,1,Positive,YouTube
youtube_pos_0044,clip_076.mp4,/content/drive/MyDrive/ParkinsonDataset/Youtube dataset/Positive/clip_076.mp4,1,Positive,YouTube
youtube_pos_0045,clip_080.mp4,/content/drive/MyDrive/ParkinsonDataset/Youtube dataset/Positive/clip_080.mp4,1,Positive,YouTube
youtube_pos_0046,clip_081.mp4,/content/drive/MyDrive/ParkinsonDataset/Youtube dataset/Positive/clip_081.mp4,1,Positive,YouTube
youtube_pos_0047,clip_082.mp4,/content/drive/MyDrive/ParkinsonDataset/Youtube dataset/Positive/clip_082.mp4,1,Positive,YouTube
youtube_pos_0048,clip_083.mp4,/content/drive/MyDrive/ParkinsonDataset/Youtube dataset/Positive/clip_083.mp4,1,Positive,YouTube
youtube_pos_0049,clip_084.mp4,/content/drive/MyDrive/ParkinsonDataset/Youtube dataset/Positive/clip_084.mp4,1,Positive,YouTube
youtube_pos_0050,clip_088.mp4,/content/drive/MyDrive/ParkinsonDataset/Youtube dataset/Positive/clip_088.mp4,1,Positive,YouTube
youtube_pos_0051,clip_089.mp4,/content/drive/MyDrive/ParkinsonDataset/Youtube dataset/Positive/clip_089.mp4,1,Positive,YouTube
youtube_pos_0052,clip_090.mp4,/content/drive/MyDrive/ParkinsonDataset/Youtube dataset/Positive/clip_090.mp4,1,Positive,YouTube
youtube_pos_0053,clip_091.mp4,/content/drive/MyDrive/ParkinsonDataset/Youtube dataset/Positive/clip_091.mp4,1,Positive,YouTube
youtube_pos_0054,clip_092.mp4,/content/drive/MyDrive/ParkinsonDataset/Youtube dataset/Positive/clip_092.mp4,1,Positive,YouTube
youtube_pos_0055,clip_098.mp4,/content/drive/MyDrive/ParkinsonDataset/Youtube dataset/Positive/clip_098.mp4,1,Positive,YouTube
youtube_pos_0056,clip_099.mp4,/content/drive/MyDrive/ParkinsonDataset/Youtube dataset/Positive/clip_099.mp4,1,Positive,YouTube
youtube_pos_0057,clip_100.mp4,/content/drive/MyDrive/ParkinsonDataset/Youtube dataset/Positive/clip_100.mp4,1,Positive,YouTube
youtube_pos_0058,clip_101.mp4,/content/drive/MyDrive/ParkinsonDataset/Youtube dataset/Positive/clip_101.mp4,1,Positive,YouTube
youtube_pos_0059,clip_103.mp4,/content/drive/MyDrive/ParkinsonDataset/Youtube dataset/Positive/clip_103.mp4,1,Positive,YouTube
youtube_pos_0060,clip_106.mp4,/content/drive/MyDrive/ParkinsonDataset/Youtube dataset/Positive/clip_106.mp4,1,Positive,YouTube
youtube_pos_0061,clip_107.mp4,/content/drive/MyDrive/ParkinsonDataset/Youtube dataset/Positive/clip_107.mp4,1,Positive,YouTube
youtube_pos_0062,clip_108.mp4,/content/drive/MyDrive/ParkinsonDataset/Youtube dataset/Positive/clip_108.mp4,1,Positive,YouTube
youtube_pos_0063,clip_109.mp4,/content/drive/MyDrive/ParkinsonDataset/Youtube dataset/Positive/clip_109.mp4,1,Positive,YouTube
youtube_pos_0064,clip_113.mp4,/content/drive/MyDrive/ParkinsonDataset/Youtube dataset/Positive/clip_113.mp4,1,Positive,YouTube
youtube_pos_0065,clip_114.mp4,/content/drive/MyDrive/ParkinsonDataset/Youtube dataset/Positive/clip_114.mp4,1,Positive,YouTube
