feature,mean_abs_shap,class,rank
AST_Fused_064,0.37458035,Parkinsons,1
Video_Swin_Fused_286,0.32105094,Parkinsons,2
AST_Fused_131,0.30306244,Parkinsons,3
Video_Swin_Fused_371,0.29988474,Parkinsons,4
AST_Fused_165,0.2652862,Parkinsons,5
Video_Swin_Fused_247,0.21447511,Parkinsons,6
AST_Fused_370,0.181496,Parkinsons,7
Video_Swin_Fused_343,0.17226481,Parkinsons,8
AST_Fused_013,0.17027673,Parkinsons,9
Video_Swin_Fused_245,0.13422458,Parkinsons,10
AST_Fused_096,0.13110289,Parkinsons,11
Video_Swin_Fused_226,0.10876633,Parkinsons,12
Video_Swin_Fused_051,0.10353017,Parkinsons,13
AST_Fused_202,0.08312581,Parkinsons,14
Video_Swin_Fused_114,0.07711382,Parkinsons,15
AST_Fused_190,0.076755926,Parkinsons,16
Video_Swin_Fused_251,0.06666673,Parkinsons,17
AST_Fused_010,0.058300197,Parkinsons,18
Video_Swin_Fused_149,0.057343625,Parkinsons,19
Video_Swin_Fused_211,0.056314938,Parkinsons,20
AST_Fused_129,0.0,Parkinsons,21
AST_Fused_130,0.0,Parkinsons,22
AST_Fused_143,0.0,Parkinsons,23
AST_Fused_132,0.0,Parkinsons,24
AST_Fused_133,0.0,Parkinsons,25
AST_Fused_134,0.0,Parkinsons,26
AST_Fused_135,0.0,Parkinsons,27
AST_Fused_136,0.0,Parkinsons,28
AST_Fused_137,0.0,Parkinsons,29
AST_Fused_138,0.0,Parkinsons,30
AST_Fused_139,0.0,Parkinsons,31
AST_Fused_142,0.0,Parkinsons,32
AST_Fused_140,0.0,Parkinsons,33
AST_Fused_141,0.0,Parkinsons,34
AST_Fused_128,0.0,Parkinsons,35
AST_Fused_106,0.0,Parkinsons,36
AST_Fused_107,0.0,Parkinsons,37
AST_Fused_108,0.0,Parkinsons,38
AST_Fused_109,0.0,Parkinsons,39
AST_Fused_110,0.0,Parkinsons,40
AST_Fused_111,0.0,Parkinsons,41
AST_Fused_112,0.0,Parkinsons,42
AST_Fused_113,0.0,Parkinsons,43
AST_Fused_114,0.0,Parkinsons,44
AST_Fused_115,0.0,Parkinsons,45
AST_Fused_124,0.0,Parkinsons,46
AST_Fused_117,0.0,Parkinsons,47
AST_Fused_118,0.0,Parkinsons,48
AST_Fused_119,0.0,Parkinsons,49
AST_Fused_120,0.0,Parkinsons,50
AST_Fused_121,0.0,Parkinsons,51
AST_Fused_122,0.0,Parkinsons,52
AST_Fused_123,0.0,Parkinsons,53
AST_Fused_125,0.0,Parkinsons,54
AST_Fused_126,0.0,Parkinsons,55
AST_Fused_127,0.0,Parkinsons,56
AST_Fused_116,0.0,Parkinsons,57
AST_Fused_168,0.0,Parkinsons,58
AST_Fused_169,0.0,Parkinsons,59
AST_Fused_170,0.0,Parkinsons,60
AST_Fused_171,0.0,Parkinsons,61
AST_Fused_172,0.0,Parkinsons,62
AST_Fused_173,0.0,Parkinsons,63
AST_Fused_174,0.0,Parkinsons,64
AST_Fused_175,0.0,Parkinsons,65
AST_Fused_176,0.0,Parkinsons,66
AST_Fused_177,0.0,Parkinsons,67
AST_Fused_147,0.0,Parkinsons,68
AST_Fused_179,0.0,Parkinsons,69
AST_Fused_180,0.0,Parkinsons,70
AST_Fused_181,0.0,Parkinsons,71
AST_Fused_182,0.0,Parkinsons,72
AST_Fused_183,0.0,Parkinsons,73
AST_Fused_184,0.0,Parkinsons,74
AST_Fused_185,0.0,Parkinsons,75
AST_Fused_186,0.0,Parkinsons,76
AST_Fused_187,0.0,Parkinsons,77
AST_Fused_188,0.0,Parkinsons,78
AST_Fused_189,0.0,Parkinsons,79
AST_Fused_178,0.0,Parkinsons,80
AST_Fused_144,0.0,Parkinsons,81
AST_Fused_145,0.0,Parkinsons,82
AST_Fused_146,0.0,Parkinsons,83
AST_Fused_105,0.0,Parkinsons,84
AST_Fused_148,0.0,Parkinsons,85
AST_Fused_149,0.0,Parkinsons,86
AST_Fused_150,0.0,Parkinsons,87
AST_Fused_151,0.0,Parkinsons,88
AST_Fused_152,0.0,Parkinsons,89
AST_Fused_153,0.0,Parkinsons,90
AST_Fused_167,0.0,Parkinsons,91
AST_Fused_155,0.0,Parkinsons,92
AST_Fused_156,0.0,Parkinsons,93
AST_Fused_157,0.0,Parkinsons,94
AST_Fused_158,0.0,Parkinsons,95
AST_Fused_159,0.0,Parkinsons,96
AST_Fused_160,0.0,Parkinsons,97
AST_Fused_161,0.0,Parkinsons,98
AST_Fused_162,0.0,Parkinsons,99
AST_Fused_163,0.0,Parkinsons,100
AST_Fused_164,0.0,Parkinsons,101
AST_Fused_166,0.0,Parkinsons,102
AST_Fused_154,0.0,Parkinsons,103
AST_Fused_033,0.0,Parkinsons,104
AST_Fused_034,0.0,Parkinsons,105
AST_Fused_035,0.0,Parkinsons,106
AST_Fused_036,0.0,Parkinsons,107
AST_Fused_037,0.0,Parkinsons,108
AST_Fused_038,0.0,Parkinsons,109
AST_Fused_039,0.0,Parkinsons,110
AST_Fused_040,0.0,Parkinsons,111
AST_Fused_041,0.0,Parkinsons,112
AST_Fused_042,0.0,Parkinsons,113
AST_Fused_101,0.0,Parkinsons,114
AST_Fused_044,0.0,Parkinsons,115
AST_Fused_045,0.0,Parkinsons,116
AST_Fused_046,0.0,Parkinsons,117
AST_Fused_047,0.0,Parkinsons,118
AST_Fused_048,0.0,Parkinsons,119
AST_Fused_049,0.0,Parkinsons,120
AST_Fused_050,0.0,Parkinsons,121
AST_Fused_051,0.0,Parkinsons,122
AST_Fused_052,0.0,Parkinsons,123
AST_Fused_053,0.0,Parkinsons,124
AST_Fused_054,0.0,Parkinsons,125
AST_Fused_043,0.0,Parkinsons,126
AST_Fused_007,0.0,Parkinsons,127
AST_Fused_008,0.0,Parkinsons,128
AST_Fused_009,0.0,Parkinsons,129
AST_Fused_011,0.0,Parkinsons,130
AST_Fused_012,0.0,Parkinsons,131
AST_Fused_014,0.0,Parkinsons,132
AST_Fused_015,0.0,Parkinsons,133
AST_Fused_016,0.0,Parkinsons,134
AST_Fused_017,0.0,Parkinsons,135
AST_Fused_018,0.0,Parkinsons,136
AST_Fused_019,0.0,Parkinsons,137
AST_Fused_032,0.0,Parkinsons,138
AST_Fused_021,0.0,Parkinsons,139
AST_Fused_022,0.0,Parkinsons,140
AST_Fused_023,0.0,Parkinsons,141
AST_Fused_024,0.0,Parkinsons,142
AST_Fused_025,0.0,Parkinsons,143
AST_Fused_026,0.0,Parkinsons,144
AST_Fused_027,0.0,Parkinsons,145
AST_Fused_028,0.0,Parkinsons,146
AST_Fused_029,0.0,Parkinsons,147
AST_Fused_030,0.0,Parkinsons,148
AST_Fused_031,0.0,Parkinsons,149
AST_Fused_020,0.0,Parkinsons,150
AST_Fused_081,0.0,Parkinsons,151
AST_Fused_082,0.0,Parkinsons,152
AST_Fused_083,0.0,Parkinsons,153
AST_Fused_084,0.0,Parkinsons,154
AST_Fused_085,0.0,Parkinsons,155
AST_Fused_086,0.0,Parkinsons,156
AST_Fused_087,0.0,Parkinsons,157
AST_Fused_088,0.0,Parkinsons,158
AST_Fused_089,0.0,Parkinsons,159
AST_Fused_090,0.0,Parkinsons,160
AST_Fused_055,0.0,Parkinsons,161
AST_Fused_092,0.0,Parkinsons,162
AST_Fused_093,0.0,Parkinsons,163
AST_Fused_094,0.0,Parkinsons,164
AST_Fused_095,0.0,Parkinsons,165
AST_Fused_097,0.0,Parkinsons,166
AST_Fused_098,0.0,Parkinsons,167
AST_Fused_099,0.0,Parkinsons,168
AST_Fused_100,0.0,Parkinsons,169
AST_Fused_102,0.0,Parkinsons,170
AST_Fused_103,0.0,Parkinsons,171
AST_Fused_104,0.0,Parkinsons,172
AST_Fused_091,0.0,Parkinsons,173
AST_Fused_056,0.0,Parkinsons,174
AST_Fused_057,0.0,Parkinsons,175
AST_Fused_058,0.0,Parkinsons,176
AST_Fused_059,0.0,Parkinsons,177
AST_Fused_060,0.0,Parkinsons,178
AST_Fused_061,0.0,Parkinsons,179
AST_Fused_062,0.0,Parkinsons,180
AST_Fused_063,0.0,Parkinsons,181
AST_Fused_065,0.0,Parkinsons,182
AST_Fused_066,0.0,Parkinsons,183
AST_Fused_067,0.0,Parkinsons,184
AST_Fused_080,0.0,Parkinsons,185
AST_Fused_069,0.0,Parkinsons,186
AST_Fused_070,0.0,Parkinsons,187
AST_Fused_071,0.0,Parkinsons,188
AST_Fused_072,0.0,Parkinsons,189
AST_Fused_073,0.0,Parkinsons,190
AST_Fused_074,0.0,Parkinsons,191
AST_Fused_075,0.0,Parkinsons,192
AST_Fused_076,0.0,Parkinsons,193
AST_Fused_077,0.0,Parkinsons,194
AST_Fused_078,0.0,Parkinsons,195
AST_Fused_079,0.0,Parkinsons,196
AST_Fused_068,0.0,Parkinsons,197
AST_Fused_312,0.0,Parkinsons,198
AST_Fused_313,0.0,Parkinsons,199
AST_Fused_314,0.0,Parkinsons,200
AST_Fused_315,0.0,Parkinsons,201
AST_Fused_316,0.0,Parkinsons,202
AST_Fused_317,0.0,Parkinsons,203
AST_Fused_318,0.0,Parkinsons,204
AST_Fused_319,0.0,Parkinsons,205
AST_Fused_320,0.0,Parkinsons,206
AST_Fused_321,0.0,Parkinsons,207
AST_Fused_322,0.0,Parkinsons,208
AST_Fused_192,0.0,Parkinsons,209
AST_Fused_324,0.0,Parkinsons,210
AST_Fused_325,0.0,Parkinsons,211
AST_Fused_326,0.0,Parkinsons,212
AST_Fused_327,0.0,Parkinsons,213
AST_Fused_328,0.0,Parkinsons,214
AST_Fused_329,0.0,Parkinsons,215
AST_Fused_330,0.0,Parkinsons,216
AST_Fused_331,0.0,Parkinsons,217
AST_Fused_332,0.0,Parkinsons,218
AST_Fused_333,0.0,Parkinsons,219
AST_Fused_334,0.0,Parkinsons,220
AST_Fused_323,0.0,Parkinsons,221
AST_Fused_288,0.0,Parkinsons,222
AST_Fused_289,0.0,Parkinsons,223
AST_Fused_290,0.0,Parkinsons,224
AST_Fused_291,0.0,Parkinsons,225
AST_Fused_292,0.0,Parkinsons,226
AST_Fused_293,0.0,Parkinsons,227
AST_Fused_294,0.0,Parkinsons,228
AST_Fused_295,0.0,Parkinsons,229
AST_Fused_296,0.0,Parkinsons,230
AST_Fused_297,0.0,Parkinsons,231
AST_Fused_298,0.0,Parkinsons,232
AST_Fused_311,0.0,Parkinsons,233
AST_Fused_300,0.0,Parkinsons,234
AST_Fused_301,0.0,Parkinsons,235
AST_Fused_302,0.0,Parkinsons,236
AST_Fused_303,0.0,Parkinsons,237
AST_Fused_304,0.0,Parkinsons,238
AST_Fused_305,0.0,Parkinsons,239
AST_Fused_306,0.0,Parkinsons,240
AST_Fused_307,0.0,Parkinsons,241
AST_Fused_308,0.0,Parkinsons,242
AST_Fused_309,0.0,Parkinsons,243
AST_Fused_310,0.0,Parkinsons,244
AST_Fused_299,0.0,Parkinsons,245
AST_Fused_360,0.0,Parkinsons,246
AST_Fused_361,0.0,Parkinsons,247
AST_Fused_362,0.0,Parkinsons,248
AST_Fused_363,0.0,Parkinsons,249
AST_Fused_364,0.0,Parkinsons,250
AST_Fused_365,0.0,Parkinsons,251
AST_Fused_366,0.0,Parkinsons,252
AST_Fused_367,0.0,Parkinsons,253
AST_Fused_368,0.0,Parkinsons,254
AST_Fused_369,0.0,Parkinsons,255
AST_Fused_371,0.0,Parkinsons,256
AST_Fused_335,0.0,Parkinsons,257
AST_Fused_373,0.0,Parkinsons,258
AST_Fused_374,0.0,Parkinsons,259
AST_Fused_375,0.0,Parkinsons,260
AST_Fused_376,0.0,Parkinsons,261
AST_Fused_377,0.0,Parkinsons,262
AST_Fused_378,0.0,Parkinsons,263
AST_Fused_379,0.0,Parkinsons,264
AST_Fused_380,0.0,Parkinsons,265
AST_Fused_381,0.0,Parkinsons,266
AST_Fused_382,0.0,Parkinsons,267
AST_Fused_383,0.0,Parkinsons,268
AST_Fused_372,0.0,Parkinsons,269
AST_Fused_336,0.0,Parkinsons,270
AST_Fused_337,0.0,Parkinsons,271
AST_Fused_338,0.0,Parkinsons,272
AST_Fused_339,0.0,Parkinsons,273
AST_Fused_340,0.0,Parkinsons,274
AST_Fused_341,0.0,Parkinsons,275
AST_Fused_342,0.0,Parkinsons,276
AST_Fused_343,0.0,Parkinsons,277
AST_Fused_344,0.0,Parkinsons,278
AST_Fused_345,0.0,Parkinsons,279
AST_Fused_346,0.0,Parkinsons,280
AST_Fused_359,0.0,Parkinsons,281
AST_Fused_348,0.0,Parkinsons,282
AST_Fused_349,0.0,Parkinsons,283
AST_Fused_350,0.0,Parkinsons,284
AST_Fused_351,0.0,Parkinsons,285
AST_Fused_352,0.0,Parkinsons,286
AST_Fused_353,0.0,Parkinsons,287
AST_Fused_354,0.0,Parkinsons,288
AST_Fused_355,0.0,Parkinsons,289
AST_Fused_356,0.0,Parkinsons,290
AST_Fused_357,0.0,Parkinsons,291
AST_Fused_358,0.0,Parkinsons,292
AST_Fused_347,0.0,Parkinsons,293
AST_Fused_216,0.0,Parkinsons,294
AST_Fused_217,0.0,Parkinsons,295
AST_Fused_218,0.0,Parkinsons,296
AST_Fused_219,0.0,Parkinsons,297
AST_Fused_220,0.0,Parkinsons,298
AST_Fused_221,0.0,Parkinsons,299
AST_Fused_222,0.0,Parkinsons,300
AST_Fused_223,0.0,Parkinsons,301
AST_Fused_224,0.0,Parkinsons,302
AST_Fused_225,0.0,Parkinsons,303
AST_Fused_226,0.0,Parkinsons,304
AST_Fused_287,0.0,Parkinsons,305
AST_Fused_228,0.0,Parkinsons,306
AST_Fused_229,0.0,Parkinsons,307
AST_Fused_230,0.0,Parkinsons,308
AST_Fused_231,0.0,Parkinsons,309
AST_Fused_232,0.0,Parkinsons,310
AST_Fused_233,0.0,Parkinsons,311
AST_Fused_234,0.0,Parkinsons,312
AST_Fused_235,0.0,Parkinsons,313
AST_Fused_236,0.0,Parkinsons,314
AST_Fused_237,0.0,Parkinsons,315
AST_Fused_238,0.0,Parkinsons,316
AST_Fused_227,0.0,Parkinsons,317
AST_Fused_191,0.0,Parkinsons,318
AST_Fused_006,0.0,Parkinsons,319
AST_Fused_193,0.0,Parkinsons,320
AST_Fused_194,0.0,Parkinsons,321
AST_Fused_195,0.0,Parkinsons,322
AST_Fused_196,0.0,Parkinsons,323
AST_Fused_197,0.0,Parkinsons,324
AST_Fused_198,0.0,Parkinsons,325
AST_Fused_199,0.0,Parkinsons,326
AST_Fused_200,0.0,Parkinsons,327
AST_Fused_201,0.0,Parkinsons,328
AST_Fused_215,0.0,Parkinsons,329
AST_Fused_204,0.0,Parkinsons,330
AST_Fused_205,0.0,Parkinsons,331
AST_Fused_206,0.0,Parkinsons,332
AST_Fused_207,0.0,Parkinsons,333
AST_Fused_208,0.0,Parkinsons,334
AST_Fused_209,0.0,Parkinsons,335
AST_Fused_210,0.0,Parkinsons,336
AST_Fused_211,0.0,Parkinsons,337
AST_Fused_212,0.0,Parkinsons,338
AST_Fused_213,0.0,Parkinsons,339
AST_Fused_214,0.0,Parkinsons,340
AST_Fused_203,0.0,Parkinsons,341
AST_Fused_264,0.0,Parkinsons,342
AST_Fused_265,0.0,Parkinsons,343
AST_Fused_266,0.0,Parkinsons,344
AST_Fused_267,0.0,Parkinsons,345
AST_Fused_268,0.0,Parkinsons,346
AST_Fused_269,0.0,Parkinsons,347
AST_Fused_270,0.0,Parkinsons,348
AST_Fused_271,0.0,Parkinsons,349
AST_Fused_272,0.0,Parkinsons,350
AST_Fused_273,0.0,Parkinsons,351
AST_Fused_274,0.0,Parkinsons,352
AST_Fused_239,0.0,Parkinsons,353
AST_Fused_276,0.0,Parkinsons,354
AST_Fused_277,0.0,Parkinsons,355
AST_Fused_278,0.0,Parkinsons,356
AST_Fused_279,0.0,Parkinsons,357
AST_Fused_280,0.0,Parkinsons,358
AST_Fused_281,0.0,Parkinsons,359
AST_Fused_282,0.0,Parkinsons,360
AST_Fused_283,0.0,Parkinsons,361
AST_Fused_284,0.0,Parkinsons,362
AST_Fused_285,0.0,Parkinsons,363
AST_Fused_286,0.0,Parkinsons,364
AST_Fused_275,0.0,Parkinsons,365
AST_Fused_240,0.0,Parkinsons,366
AST_Fused_241,0.0,Parkinsons,367
AST_Fused_242,0.0,Parkinsons,368
AST_Fused_243,0.0,Parkinsons,369
AST_Fused_244,0.0,Parkinsons,370
AST_Fused_245,0.0,Parkinsons,371
AST_Fused_246,0.0,Parkinsons,372
AST_Fused_247,0.0,Parkinsons,373
AST_Fused_248,0.0,Parkinsons,374
AST_Fused_249,0.0,Parkinsons,375
AST_Fused_250,0.0,Parkinsons,376
AST_Fused_263,0.0,Parkinsons,377
AST_Fused_252,0.0,Parkinsons,378
AST_Fused_253,0.0,Parkinsons,379
AST_Fused_254,0.0,Parkinsons,380
AST_Fused_255,0.0,Parkinsons,381
AST_Fused_256,0.0,Parkinsons,382
AST_Fused_257,0.0,Parkinsons,383
AST_Fused_258,0.0,Parkinsons,384
AST_Fused_259,0.0,Parkinsons,385
AST_Fused_260,0.0,Parkinsons,386
AST_Fused_261,0.0,Parkinsons,387
AST_Fused_262,0.0,Parkinsons,388
AST_Fused_251,0.0,Parkinsons,389
Video_Swin_Fused_122,0.0,Parkinsons,390
Video_Swin_Fused_123,0.0,Parkinsons,391
Video_Swin_Fused_124,0.0,Parkinsons,392
Video_Swin_Fused_125,0.0,Parkinsons,393
Video_Swin_Fused_126,0.0,Parkinsons,394
Video_Swin_Fused_127,0.0,Parkinsons,395
Video_Swin_Fused_128,0.0,Parkinsons,396
Video_Swin_Fused_129,0.0,Parkinsons,397
Video_Swin_Fused_130,0.0,Parkinsons,398
Video_Swin_Fused_131,0.0,Parkinsons,399
Video_Swin_Fused_384,0.0,Parkinsons,400
Video_Swin_Fused_133,0.0,Parkinsons,401
Video_Swin_Fused_134,0.0,Parkinsons,402
Video_Swin_Fused_135,0.0,Parkinsons,403
Video_Swin_Fused_136,0.0,Parkinsons,404
Video_Swin_Fused_137,0.0,Parkinsons,405
Video_Swin_Fused_138,0.0,Parkinsons,406
Video_Swin_Fused_139,0.0,Parkinsons,407
Video_Swin_Fused_140,0.0,Parkinsons,408
Video_Swin_Fused_141,0.0,Parkinsons,409
Video_Swin_Fused_142,0.0,Parkinsons,410
Video_Swin_Fused_143,0.0,Parkinsons,411
Video_Swin_Fused_132,0.0,Parkinsons,412
Video_Swin_Fused_097,0.0,Parkinsons,413
Video_Swin_Fused_098,0.0,Parkinsons,414
Video_Swin_Fused_099,0.0,Parkinsons,415
Video_Swin_Fused_100,0.0,Parkinsons,416
Video_Swin_Fused_101,0.0,Parkinsons,417
Video_Swin_Fused_102,0.0,Parkinsons,418
Video_Swin_Fused_103,0.0,Parkinsons,419
Video_Swin_Fused_104,0.0,Parkinsons,420
Video_Swin_Fused_105,0.0,Parkinsons,421
Video_Swin_Fused_106,0.0,Parkinsons,422
Video_Swin_Fused_107,0.0,Parkinsons,423
Video_Swin_Fused_121,0.0,Parkinsons,424
Video_Swin_Fused_109,0.0,Parkinsons,425
Video_Swin_Fused_110,0.0,Parkinsons,426
Video_Swin_Fused_111,0.0,Parkinsons,427
Video_Swin_Fused_112,0.0,Parkinsons,428
Video_Swin_Fused_113,0.0,Parkinsons,429
Video_Swin_Fused_115,0.0,Parkinsons,430
Video_Swin_Fused_116,0.0,Parkinsons,431
Video_Swin_Fused_117,0.0,Parkinsons,432
Video_Swin_Fused_118,0.0,Parkinsons,433
Video_Swin_Fused_119,0.0,Parkinsons,434
Video_Swin_Fused_120,0.0,Parkinsons,435
Video_Swin_Fused_108,0.0,Parkinsons,436
Video_Swin_Fused_170,0.0,Parkinsons,437
Video_Swin_Fused_171,0.0,Parkinsons,438
Video_Swin_Fused_172,0.0,Parkinsons,439
Video_Swin_Fused_173,0.0,Parkinsons,440
Video_Swin_Fused_174,0.0,Parkinsons,441
Video_Swin_Fused_175,0.0,Parkinsons,442
Video_Swin_Fused_176,0.0,Parkinsons,443
Video_Swin_Fused_177,0.0,Parkinsons,444
Video_Swin_Fused_178,0.0,Parkinsons,445
Video_Swin_Fused_179,0.0,Parkinsons,446
Video_Swin_Fused_144,0.0,Parkinsons,447
Video_Swin_Fused_181,0.0,Parkinsons,448
Video_Swin_Fused_182,0.0,Parkinsons,449
Video_Swin_Fused_183,0.0,Parkinsons,450
Video_Swin_Fused_184,0.0,Parkinsons,451
Video_Swin_Fused_185,0.0,Parkinsons,452
Video_Swin_Fused_186,0.0,Parkinsons,453
Video_Swin_Fused_187,0.0,Parkinsons,454
Video_Swin_Fused_188,0.0,Parkinsons,455
Video_Swin_Fused_189,0.0,Parkinsons,456
Video_Swin_Fused_190,0.0,Parkinsons,457
Video_Swin_Fused_191,0.0,Parkinsons,458
Video_Swin_Fused_180,0.0,Parkinsons,459
Video_Swin_Fused_145,0.0,Parkinsons,460
Video_Swin_Fused_146,0.0,Parkinsons,461
Video_Swin_Fused_147,0.0,Parkinsons,462
Video_Swin_Fused_148,0.0,Parkinsons,463
Video_Swin_Fused_150,0.0,Parkinsons,464
Video_Swin_Fused_151,0.0,Parkinsons,465
Video_Swin_Fused_152,0.0,Parkinsons,466
Video_Swin_Fused_153,0.0,Parkinsons,467
Video_Swin_Fused_154,0.0,Parkinsons,468
Video_Swin_Fused_155,0.0,Parkinsons,469
Video_Swin_Fused_156,0.0,Parkinsons,470
Video_Swin_Fused_169,0.0,Parkinsons,471
Video_Swin_Fused_158,0.0,Parkinsons,472
Video_Swin_Fused_159,0.0,Parkinsons,473
Video_Swin_Fused_160,0.0,Parkinsons,474
Video_Swin_Fused_161,0.0,Parkinsons,475
Video_Swin_Fused_162,0.0,Parkinsons,476
Video_Swin_Fused_163,0.0,Parkinsons,477
Video_Swin_Fused_164,0.0,Parkinsons,478
Video_Swin_Fused_165,0.0,Parkinsons,479
Video_Swin_Fused_166,0.0,Parkinsons,480
Video_Swin_Fused_167,0.0,Parkinsons,481
Video_Swin_Fused_168,0.0,Parkinsons,482
Video_Swin_Fused_157,0.0,Parkinsons,483
Video_Swin_Fused_025,0.0,Parkinsons,484
Video_Swin_Fused_026,0.0,Parkinsons,485
Video_Swin_Fused_027,0.0,Parkinsons,486
Video_Swin_Fused_028,0.0,Parkinsons,487
Video_Swin_Fused_029,0.0,Parkinsons,488
Video_Swin_Fused_030,0.0,Parkinsons,489
Video_Swin_Fused_031,0.0,Parkinsons,490
Video_Swin_Fused_032,0.0,Parkinsons,491
Video_Swin_Fused_033,0.0,Parkinsons,492
Video_Swin_Fused_034,0.0,Parkinsons,493
Video_Swin_Fused_096,0.0,Parkinsons,494
Video_Swin_Fused_036,0.0,Parkinsons,495
Video_Swin_Fused_037,0.0,Parkinsons,496
Video_Swin_Fused_038,0.0,Parkinsons,497
Video_Swin_Fused_039,0.0,Parkinsons,498
Video_Swin_Fused_040,0.0,Parkinsons,499
Video_Swin_Fused_041,0.0,Parkinsons,500
Video_Swin_Fused_042,0.0,Parkinsons,501
Video_Swin_Fused_043,0.0,Parkinsons,502
Video_Swin_Fused_044,0.0,Parkinsons,503
Video_Swin_Fused_045,0.0,Parkinsons,504
Video_Swin_Fused_046,0.0,Parkinsons,505
Video_Swin_Fused_035,0.0,Parkinsons,506
Video_Swin_Fused_001,0.0,Parkinsons,507
Video_Swin_Fused_002,0.0,Parkinsons,508
Video_Swin_Fused_003,0.0,Parkinsons,509
Video_Swin_Fused_004,0.0,Parkinsons,510
Video_Swin_Fused_005,0.0,Parkinsons,511
Video_Swin_Fused_006,0.0,Parkinsons,512
Video_Swin_Fused_007,0.0,Parkinsons,513
Video_Swin_Fused_008,0.0,Parkinsons,514
Video_Swin_Fused_009,0.0,Parkinsons,515
Video_Swin_Fused_010,0.0,Parkinsons,516
Video_Swin_Fused_011,0.0,Parkinsons,517
Video_Swin_Fused_024,0.0,Parkinsons,518
Video_Swin_Fused_013,0.0,Parkinsons,519
Video_Swin_Fused_014,0.0,Parkinsons,520
Video_Swin_Fused_015,0.0,Parkinsons,521
Video_Swin_Fused_016,0.0,Parkinsons,522
Video_Swin_Fused_017,0.0,Parkinsons,523
Video_Swin_Fused_018,0.0,Parkinsons,524
Video_Swin_Fused_019,0.0,Parkinsons,525
Video_Swin_Fused_020,0.0,Parkinsons,526
Video_Swin_Fused_021,0.0,Parkinsons,527
Video_Swin_Fused_022,0.0,Parkinsons,528
Video_Swin_Fused_023,0.0,Parkinsons,529
Video_Swin_Fused_012,0.0,Parkinsons,530
Video_Swin_Fused_073,0.0,Parkinsons,531
Video_Swin_Fused_074,0.0,Parkinsons,532
Video_Swin_Fused_075,0.0,Parkinsons,533
Video_Swin_Fused_076,0.0,Parkinsons,534
Video_Swin_Fused_077,0.0,Parkinsons,535
Video_Swin_Fused_078,0.0,Parkinsons,536
Video_Swin_Fused_079,0.0,Parkinsons,537
Video_Swin_Fused_080,0.0,Parkinsons,538
Video_Swin_Fused_081,0.0,Parkinsons,539
Video_Swin_Fused_082,0.0,Parkinsons,540
Video_Swin_Fused_083,0.0,Parkinsons,541
Video_Swin_Fused_047,0.0,Parkinsons,542
Video_Swin_Fused_085,0.0,Parkinsons,543
Video_Swin_Fused_086,0.0,Parkinsons,544
Video_Swin_Fused_087,0.0,Parkinsons,545
Video_Swin_Fused_088,0.0,Parkinsons,546
Video_Swin_Fused_089,0.0,Parkinsons,547
Video_Swin_Fused_090,0.0,Parkinsons,548
Video_Swin_Fused_091,0.0,Parkinsons,549
Video_Swin_Fused_092,0.0,Parkinsons,550
Video_Swin_Fused_093,0.0,Parkinsons,551
Video_Swin_Fused_094,0.0,Parkinsons,552
Video_Swin_Fused_095,0.0,Parkinsons,553
Video_Swin_Fused_084,0.0,Parkinsons,554
Video_Swin_Fused_048,0.0,Parkinsons,555
Video_Swin_Fused_049,0.0,Parkinsons,556
Video_Swin_Fused_050,0.0,Parkinsons,557
Video_Swin_Fused_052,0.0,Parkinsons,558
Video_Swin_Fused_053,0.0,Parkinsons,559
Video_Swin_Fused_054,0.0,Parkinsons,560
Video_Swin_Fused_055,0.0,Parkinsons,561
Video_Swin_Fused_056,0.0,Parkinsons,562
Video_Swin_Fused_057,0.0,Parkinsons,563
Video_Swin_Fused_058,0.0,Parkinsons,564
Video_Swin_Fused_059,0.0,Parkinsons,565
Video_Swin_Fused_072,0.0,Parkinsons,566
Video_Swin_Fused_061,0.0,Parkinsons,567
Video_Swin_Fused_062,0.0,Parkinsons,568
Video_Swin_Fused_063,0.0,Parkinsons,569
Video_Swin_Fused_064,0.0,Parkinsons,570
Video_Swin_Fused_065,0.0,Parkinsons,571
Video_Swin_Fused_066,0.0,Parkinsons,572
Video_Swin_Fused_067,0.0,Parkinsons,573
Video_Swin_Fused_068,0.0,Parkinsons,574
Video_Swin_Fused_069,0.0,Parkinsons,575
Video_Swin_Fused_070,0.0,Parkinsons,576
Video_Swin_Fused_071,0.0,Parkinsons,577
Video_Swin_Fused_060,0.0,Parkinsons,578
Video_Swin_Fused_318,0.0,Parkinsons,579
Video_Swin_Fused_319,0.0,Parkinsons,580
Video_Swin_Fused_320,0.0,Parkinsons,581
Video_Swin_Fused_321,0.0,Parkinsons,582
Video_Swin_Fused_322,0.0,Parkinsons,583
Video_Swin_Fused_323,0.0,Parkinsons,584
Video_Swin_Fused_324,0.0,Parkinsons,585
Video_Swin_Fused_325,0.0,Parkinsons,586
Video_Swin_Fused_326,0.0,Parkinsons,587
Video_Swin_Fused_327,0.0,Parkinsons,588
Video_Swin_Fused_192,0.0,Parkinsons,589
Video_Swin_Fused_329,0.0,Parkinsons,590
Video_Swin_Fused_330,0.0,Parkinsons,591
Video_Swin_Fused_331,0.0,Parkinsons,592
Video_Swin_Fused_332,0.0,Parkinsons,593
Video_Swin_Fused_333,0.0,Parkinsons,594
Video_Swin_Fused_334,0.0,Parkinsons,595
Video_Swin_Fused_335,0.0,Parkinsons,596
Video_Swin_Fused_336,0.0,Parkinsons,597
Video_Swin_Fused_337,0.0,Parkinsons,598
Video_Swin_Fused_338,0.0,Parkinsons,599
Video_Swin_Fused_339,0.0,Parkinsons,600
Video_Swin_Fused_328,0.0,Parkinsons,601
Video_Swin_Fused_294,0.0,Parkinsons,602
Video_Swin_Fused_295,0.0,Parkinsons,603
Video_Swin_Fused_296,0.0,Parkinsons,604
Video_Swin_Fused_297,0.0,Parkinsons,605
Video_Swin_Fused_298,0.0,Parkinsons,606
Video_Swin_Fused_299,0.0,Parkinsons,607
Video_Swin_Fused_300,0.0,Parkinsons,608
Video_Swin_Fused_301,0.0,Parkinsons,609
Video_Swin_Fused_302,0.0,Parkinsons,610
Video_Swin_Fused_303,0.0,Parkinsons,611
Video_Swin_Fused_304,0.0,Parkinsons,612
Video_Swin_Fused_317,0.0,Parkinsons,613
Video_Swin_Fused_306,0.0,Parkinsons,614
Video_Swin_Fused_307,0.0,Parkinsons,615
Video_Swin_Fused_308,0.0,Parkinsons,616
Video_Swin_Fused_309,0.0,Parkinsons,617
Video_Swin_Fused_310,0.0,Parkinsons,618
Video_Swin_Fused_311,0.0,Parkinsons,619
Video_Swin_Fused_312,0.0,Parkinsons,620
Video_Swin_Fused_313,0.0,Parkinsons,621
Video_Swin_Fused_314,0.0,Parkinsons,622
Video_Swin_Fused_315,0.0,Parkinsons,623
Video_Swin_Fused_316,0.0,Parkinsons,624
Video_Swin_Fused_305,0.0,Parkinsons,625
Video_Swin_Fused_366,0.0,Parkinsons,626
Video_Swin_Fused_367,0.0,Parkinsons,627
Video_Swin_Fused_368,0.0,Parkinsons,628
Video_Swin_Fused_369,0.0,Parkinsons,629
Video_Swin_Fused_370,0.0,Parkinsons,630
Video_Swin_Fused_372,0.0,Parkinsons,631
Video_Swin_Fused_373,0.0,Parkinsons,632
Video_Swin_Fused_374,0.0,Parkinsons,633
Video_Swin_Fused_375,0.0,Parkinsons,634
Video_Swin_Fused_376,0.0,Parkinsons,635
Video_Swin_Fused_377,0.0,Parkinsons,636
Video_Swin_Fused_340,0.0,Parkinsons,637
Video_Swin_Fused_379,0.0,Parkinsons,638
Video_Swin_Fused_380,0.0,Parkinsons,639
Video_Swin_Fused_381,0.0,Parkinsons,640
Video_Swin_Fused_382,0.0,Parkinsons,641
Video_Swin_Fused_383,0.0,Parkinsons,642
AST_Fused_384,0.0,Parkinsons,643
AST_Fused_001,0.0,Parkinsons,644
AST_Fused_002,0.0,Parkinsons,645
AST_Fused_003,0.0,Parkinsons,646
AST_Fused_004,0.0,Parkinsons,647
AST_Fused_005,0.0,Parkinsons,648
Video_Swin_Fused_378,0.0,Parkinsons,649
Video_Swin_Fused_341,0.0,Parkinsons,650
Video_Swin_Fused_342,0.0,Parkinsons,651
Video_Swin_Fused_344,0.0,Parkinsons,652
Video_Swin_Fused_345,0.0,Parkinsons,653
Video_Swin_Fused_346,0.0,Parkinsons,654
Video_Swin_Fused_347,0.0,Parkinsons,655
Video_Swin_Fused_348,0.0,Parkinsons,656
Video_Swin_Fused_349,0.0,Parkinsons,657
Video_Swin_Fused_350,0.0,Parkinsons,658
Video_Swin_Fused_351,0.0,Parkinsons,659
Video_Swin_Fused_352,0.0,Parkinsons,660
Video_Swin_Fused_365,0.0,Parkinsons,661
Video_Swin_Fused_354,0.0,Parkinsons,662
Video_Swin_Fused_355,0.0,Parkinsons,663
Video_Swin_Fused_356,0.0,Parkinsons,664
Video_Swin_Fused_357,0.0,Parkinsons,665
Video_Swin_Fused_358,0.0,Parkinsons,666
Video_Swin_Fused_359,0.0,Parkinsons,667
Video_Swin_Fused_360,0.0,Parkinsons,668
Video_Swin_Fused_361,0.0,Parkinsons,669
Video_Swin_Fused_362,0.0,Parkinsons,670
Video_Swin_Fused_363,0.0,Parkinsons,671
Video_Swin_Fused_364,0.0,Parkinsons,672
Video_Swin_Fused_353,0.0,Parkinsons,673
Video_Swin_Fused_218,0.0,Parkinsons,674
Video_Swin_Fused_219,0.0,Parkinsons,675
Video_Swin_Fused_220,0.0,Parkinsons,676
Video_Swin_Fused_221,0.0,Parkinsons,677
Video_Swin_Fused_222,0.0,Parkinsons,678
Video_Swin_Fused_223,0.0,Parkinsons,679
Video_Swin_Fused_224,0.0,Parkinsons,680
Video_Swin_Fused_225,0.0,Parkinsons,681
Video_Swin_Fused_227,0.0,Parkinsons,682
Video_Swin_Fused_228,0.0,Parkinsons,683
Video_Swin_Fused_293,0.0,Parkinsons,684
Video_Swin_Fused_230,0.0,Parkinsons,685
Video_Swin_Fused_231,0.0,Parkinsons,686
Video_Swin_Fused_232,0.0,Parkinsons,687
Video_Swin_Fused_233,0.0,Parkinsons,688
Video_Swin_Fused_234,0.0,Parkinsons,689
Video_Swin_Fused_235,0.0,Parkinsons,690
Video_Swin_Fused_236,0.0,Parkinsons,691
Video_Swin_Fused_237,0.0,Parkinsons,692
Video_Swin_Fused_238,0.0,Parkinsons,693
Video_Swin_Fused_239,0.0,Parkinsons,694
Video_Swin_Fused_240,0.0,Parkinsons,695
Video_Swin_Fused_229,0.0,Parkinsons,696
Video_Swin_Fused_193,0.0,Parkinsons,697
Video_Swin_Fused_194,0.0,Parkinsons,698
Video_Swin_Fused_195,0.0,Parkinsons,699
Video_Swin_Fused_196,0.0,Parkinsons,700
Video_Swin_Fused_197,0.0,Parkinsons,701
Video_Swin_Fused_198,0.0,Parkinsons,702
Video_Swin_Fused_199,0.0,Parkinsons,703
Video_Swin_Fused_200,0.0,Parkinsons,704
Video_Swin_Fused_201,0.0,Parkinsons,705
Video_Swin_Fused_202,0.0,Parkinsons,706
Video_Swin_Fused_203,0.0,Parkinsons,707
Video_Swin_Fused_217,0.0,Parkinsons,708
Video_Swin_Fused_205,0.0,Parkinsons,709
Video_Swin_Fused_206,0.0,Parkinsons,710
Video_Swin_Fused_207,0.0,Parkinsons,711
Video_Swin_Fused_208,0.0,Parkinsons,712
Video_Swin_Fused_209,0.0,Parkinsons,713
Video_Swin_Fused_210,0.0,Parkinsons,714
Video_Swin_Fused_212,0.0,Parkinsons,715
Video_Swin_Fused_213,0.0,Parkinsons,716
Video_Swin_Fused_214,0.0,Parkinsons,717
Video_Swin_Fused_215,0.0,Parkinsons,718
Video_Swin_Fused_216,0.0,Parkinsons,719
Video_Swin_Fused_204,0.0,Parkinsons,720
Video_Swin_Fused_269,0.0,Parkinsons,721
Video_Swin_Fused_270,0.0,Parkinsons,722
Video_Swin_Fused_271,0.0,Parkinsons,723
Video_Swin_Fused_272,0.0,Parkinsons,724
Video_Swin_Fused_273,0.0,Parkinsons,725
Video_Swin_Fused_274,0.0,Parkinsons,726
Video_Swin_Fused_275,0.0,Parkinsons,727
Video_Swin_Fused_276,0.0,Parkinsons,728
Video_Swin_Fused_277,0.0,Parkinsons,729
Video_Swin_Fused_278,0.0,Parkinsons,730
Video_Swin_Fused_279,0.0,Parkinsons,731
Video_Swin_Fused_241,0.0,Parkinsons,732
Video_Swin_Fused_281,0.0,Parkinsons,733
Video_Swin_Fused_282,0.0,Parkinsons,734
Video_Swin_Fused_283,0.0,Parkinsons,735
Video_Swin_Fused_284,0.0,Parkinsons,736
Video_Swin_Fused_285,0.0,Parkinsons,737
Video_Swin_Fused_287,0.0,Parkinsons,738
Video_Swin_Fused_288,0.0,Parkinsons,739
Video_Swin_Fused_289,0.0,Parkinsons,740
Video_Swin_Fused_290,0.0,Parkinsons,741
Video_Swin_Fused_291,0.0,Parkinsons,742
Video_Swin_Fused_292,0.0,Parkinsons,743
Video_Swin_Fused_280,0.0,Parkinsons,744
Video_Swin_Fused_242,0.0,Parkinsons,745
Video_Swin_Fused_243,0.0,Parkinsons,746
Video_Swin_Fused_244,0.0,Parkinsons,747
Video_Swin_Fused_246,0.0,Parkinsons,748
Video_Swin_Fused_248,0.0,Parkinsons,749
Video_Swin_Fused_249,0.0,Parkinsons,750
Video_Swin_Fused_250,0.0,Parkinsons,751
Video_Swin_Fused_252,0.0,Parkinsons,752
Video_Swin_Fused_253,0.0,Parkinsons,753
Video_Swin_Fused_254,0.0,Parkinsons,754
Video_Swin_Fused_255,0.0,Parkinsons,755
Video_Swin_Fused_268,0.0,Parkinsons,756
Video_Swin_Fused_257,0.0,Parkinsons,757
Video_Swin_Fused_258,0.0,Parkinsons,758
Video_Swin_Fused_259,0.0,Parkinsons,759
Video_Swin_Fused_260,0.0,Parkinsons,760
Video_Swin_Fused_261,0.0,Parkinsons,761
Video_Swin_Fused_262,0.0,Parkinsons,762
Video_Swin_Fused_263,0.0,Parkinsons,763
Video_Swin_Fused_264,0.0,Parkinsons,764
Video_Swin_Fused_265,0.0,Parkinsons,765
Video_Swin_Fused_266,0.0,Parkinsons,766
Video_Swin_Fused_267,0.0,Parkinsons,767
Video_Swin_Fused_256,0.0,Parkinsons,768
